customer_id,name,email,city,signup_date
CUST000001,Allison Hill,donaldgarcia@example.net,Jakarta,2022-08-17
CUST000002,Angie Henderson,davisjesse@example.net,Medan,2023-07-18
CUST000003,Cristian Santos,lrobinson@example.com,Bandung,2023-04-03
CUST000004,Abigail Shaffer,jpeterson@example.org,Yogyakarta,2022-07-29
CUST000005,Gabrielle Davis,howardmaurice@example.com,Surabaya,2025-01-21
CUST000006,Monica Herrera,smiller@example.net,Palembang,2025-04-24
CUST000007,Shannon Ray,williamsjeremy@example.com,Jakarta,2022-03-07
CUST000008,Dr. Sharon James,xreid@example.org,Medan,2022-07-11
CUST000009,Daniel Adams,lynchgeorge@example.net,Tangerang,2023-04-22
CUST000010,Joel Nelson,gabriellecameron@example.org,Jakarta,2025-05-17
CUST000011,Andrew Stewart,carl95@example.org,Medan,2025-02-23
CUST000012,Jennifer Rocha,ithomas@example.org,Palembang,2025-01-21
CUST000013,Kimberly Burgess,zhurst@example.com,Depok,2023-03-28
CUST000014,Zachary Hicks,camposmichelle@example.org,Semarang,2025-04-21
CUST000015,Rebecca Henderson,cruzcaitlin@example.com,Bandung,2022-01-14
CUST000016,Tricia Valencia,frazierdanny@example.net,Makassar,2024-05-15
CUST000017,Patricia Peterson,ryan70@example.net,Bandung,2023-07-24
CUST000018,Deborah Mason,williamrodriguez@example.net,Makassar,2023-03-17
CUST000019,Mark Lynch,nathanielmartin@example.net,Surabaya,2022-07-29
CUST000020,Linda Burns,hickmannatasha@example.com,Surabaya,2024-02-18
CUST000021,David Bradley,millertodd@example.org,Makassar,2024-01-06
CUST000022,Kim Martinez,karroyo@example.com,Semarang,2025-05-21
CUST000023,Lisa Brandt,jenniferross@example.net,Denpasar,2022-03-30
CUST000024,Jessica Holmes,wrightcaleb@example.org,Tangerang,2024-07-29
CUST000025,Crystal Robinson,zimmermanbrian@example.org,Palembang,2022-09-13
CUST000026,Shannon Jones,joshuawashington@example.net,Tangerang,2022-06-11
CUST000027,Timothy Duncan,esanchez@example.com,Yogyakarta,2023-08-24
CUST000028,Brent Jordan,ujenkins@example.org,Makassar,2025-06-20
CUST000029,Victoria Garcia,zchandler@example.org,Medan,2025-03-28
CUST000030,Connor West,dwhite@example.org,Jakarta,2022-05-23
CUST000031,Angela Morton,williamsyvette@example.org,Semarang,2023-04-12
CUST000032,Tammy Allison,richardolson@example.com,Medan,2022-06-13
CUST000033,Carmen Smith,ybaker@example.com,Palembang,2022-07-26
CUST000034,Michael Cross,smoore@example.org,Depok,2023-07-24
CUST000035,Lauren Daniels,brian97@example.net,Bandung,2024-01-18
CUST000036,Kim Brown,yorkcasey@example.org,Makassar,2024-01-29
CUST000037,Cynthia Wilson,bethwilliams@example.org,Yogyakarta,2023-03-06
CUST000038,Kevin Mills,james53@example.com,Denpasar,2023-07-01
CUST000039,Michael Evans,sarah10@example.com,Bekasi,2022-05-27
CUST000040,Kristine Garcia,williamanderson@example.com,Tangerang,2022-12-17
CUST000041,Sherry Wood,samueldaniels@example.com,Bandung,2023-05-17
CUST000042,Victoria Valdez,contrerasangela@example.net,Palembang,2024-08-04
CUST000043,Shawn Baker,newtoneric@example.com,Yogyakarta,2023-07-07
CUST000044,Michelle Harris,william40@example.org,Medan,2025-02-14
CUST000045,Sandra Williams,kellie42@example.net,Jakarta,2023-10-27
CUST000046,Michael Hoffman,jonesnicole@example.org,Jakarta,2023-04-15
CUST000047,Sandra Aguilar,russellwilliams@example.com,Palembang,2023-10-09
CUST000048,Rebecca Valencia,jason31@example.com,Surabaya,2023-07-03
CUST000049,Stacey Russell,sarayoung@example.org,Bekasi,2023-03-09
CUST000050,Rita Keith,whitesandra@example.com,Medan,2023-10-07
CUST000051,Sharon Cochran,erik16@example.org,Palembang,2024-10-19
CUST000052,Courtney Velasquez,ybailey@example.org,Bandung,2024-07-28
CUST000053,Matthew Ross,michelle45@example.net,Bandung,2023-06-27
CUST000054,Meghan Anthony,sheila14@example.org,Denpasar,2023-05-21
CUST000055,Victoria Johnson,yreed@example.com,Tangerang,2025-02-23
CUST000056,William Wilson,jonathanfletcher@example.org,Denpasar,2023-06-23
CUST000057,Renee Mcdaniel,michaeljones@example.net,Palembang,2025-04-12
CUST000058,Lisa Alvarado,cortezkevin@example.com,Palembang,2025-04-10
CUST000059,Erika Terry,jamesortega@example.com,Medan,2024-01-12
CUST000060,Stephanie Gilbert,richard04@example.com,Tangerang,2022-10-11
CUST000061,Richard Lawson,steven73@example.net,Surabaya,2024-10-07
CUST000062,Steven Flynn,donnacampbell@example.net,Surabaya,2022-04-07
CUST000063,Frances Cardenas,emilywalker@example.org,Yogyakarta,2022-11-10
CUST000064,Angel Riggs,gibsonolivia@example.net,Yogyakarta,2022-11-24
CUST000065,Michael Snyder,dylanwatts@example.org,Bekasi,2024-05-14
CUST000066,Colleen Brock,pwilliams@example.org,Palembang,2022-05-11
CUST000067,Robert Contreras,stephanie79@example.net,Bekasi,2024-02-21
CUST000068,Jessica Meadows,vmerritt@example.com,Tangerang,2024-08-16
CUST000069,Paul Larsen,katie87@example.net,Tangerang,2023-05-30
CUST000070,Jeremiah Reeves,josephflores@example.net,Yogyakarta,2022-01-24
CUST000071,Chris Reyes,jasminebrown@example.com,Yogyakarta,2022-08-23
CUST000072,John Brown,xprice@example.net,Semarang,2025-01-04
CUST000073,Alicia Gilmore,wwoods@example.com,Surabaya,2023-11-28
CUST000074,Sarah Ashley,vmedina@example.net,Palembang,2023-08-25
CUST000075,Stephanie Freeman,ryan06@example.com,Depok,2022-11-20
CUST000076,Rebecca Ramsey,ncalhoun@example.net,Denpasar,2022-01-07
CUST000077,James Elliott,millerroy@example.com,Tangerang,2023-06-24
CUST000078,David Murphy,wmurphy@example.com,Tangerang,2023-01-01
CUST000079,Trevor Fisher,ruizkaitlyn@example.org,Yogyakarta,2022-08-06
CUST000080,Mrs. Marie Harrington DDS,herringjames@example.org,Yogyakarta,2023-09-04
CUST000081,Cynthia Wells,elliottjeffery@example.net,Bekasi,2024-11-05
CUST000082,Jacob Obrien,stricklandfrank@example.com,Bandung,2023-02-12
CUST000083,Alexander Collins,tsanders@example.org,Bandung,2024-02-05
CUST000084,Michael Burton,terrykevin@example.net,Tangerang,2025-01-09
CUST000085,Barbara Riggs,reedross@example.com,Bekasi,2022-01-02
CUST000086,Matthew Smith,gshort@example.com,Depok,2023-10-26
CUST000087,Madison Poole,ryangross@example.net,Surabaya,2022-02-09
CUST000088,Robert Medina,umarshall@example.net,Semarang,2024-01-14
CUST000089,Samuel Rivas,ramirezshannon@example.com,Jakarta,2023-05-06
CUST000090,Mary Rogers,lrosales@example.com,Bekasi,2023-05-09
CUST000091,Robert Peterson,angela83@example.org,Surabaya,2022-06-11
CUST000092,Jason Peters,hannahbrewer@example.com,Surabaya,2024-09-22
CUST000093,Alan Phillips,tholt@example.net,Bandung,2024-12-26
CUST000094,Kara Schmidt,jbarajas@example.com,Yogyakarta,2022-09-20
CUST000095,Jesse Parker,davidlee@example.org,Tangerang,2024-08-31
CUST000096,Tiffany Vaughn,javierwashington@example.net,Semarang,2022-12-05
CUST000097,Paige Carlson,wallkenneth@example.com,Bekasi,2024-12-16
CUST000098,Adrian Ferguson,brandon08@example.com,Medan,2024-05-16
CUST000099,Beth Oneill,agarcia@example.net,Denpasar,2025-01-09
CUST000100,John Peterson,kingmichelle@example.org,Denpasar,2023-02-16
CUST000101,Jennifer Jones,hernandezlisa@example.com,Palembang,2023-10-01
CUST000102,David Grant,yobrien@example.net,Depok,2024-02-04
CUST000103,Joseph Hayes,levans@example.com,Depok,2024-11-25
CUST000104,Marc Lynch,mezajared@example.org,Medan,2022-09-05
CUST000105,Brad Allen,moorericky@example.net,Surabaya,2023-04-06
CUST000106,Doris Hall,jacqueline71@example.net,Jakarta,2023-11-24
CUST000107,Dennis Moody,ronaldstephens@example.net,Tangerang,2025-04-19
CUST000108,Derek Thomas,martinkyle@example.net,Bekasi,2023-04-17
CUST000109,Tammy Gonzales,sbarker@example.com,Jakarta,2023-03-28
CUST000110,Kathryn Snyder,georgepamela@example.net,Denpasar,2022-05-26
CUST000111,David Davis,keyemily@example.com,Medan,2022-05-01
CUST000112,Pamela Thompson,lmoon@example.net,Jakarta,2022-05-19
CUST000113,Robert Costa,vbailey@example.com,Surabaya,2023-11-08
CUST000114,Shannon Rivera,zroberts@example.net,Medan,2024-11-18
CUST000115,Brandon King,cordovarichard@example.net,Yogyakarta,2023-07-25
CUST000116,April Booth,mgutierrez@example.net,Medan,2024-09-21
CUST000117,Peter Garrett,harrisandrea@example.com,Bandung,2025-01-09
CUST000118,Michael Martinez,jennifercollins@example.org,Bekasi,2025-03-15
CUST000119,Anna Gay,murraydavid@example.org,Medan,2024-08-26
CUST000120,Dr. Jordan Hill PhD,jsanchez@example.org,Palembang,2024-08-26
CUST000121,Thomas Romero,michellehill@example.com,Surabaya,2023-01-25
CUST000122,Richard Adams,campbellkenneth@example.net,Yogyakarta,2022-07-18
CUST000123,Mary Grimes,wryan@example.com,Makassar,2024-06-01
CUST000124,Kimberly Gibson,molly39@example.com,Palembang,2024-05-17
CUST000125,Reginald Williams,zthornton@example.com,Denpasar,2024-08-14
CUST000126,Matthew Hoover,tylerjohnson@example.net,Yogyakarta,2022-04-21
CUST000127,Evelyn Garcia,dgarcia@example.org,Jakarta,2022-07-21
CUST000128,Jennifer Pena,charlesharrington@example.com,Denpasar,2024-04-04
CUST000129,Michael Santos,melissa86@example.com,Surabaya,2023-11-26
CUST000130,Stacy Freeman,williamsonjimmy@example.net,Medan,2023-05-25
CUST000131,Yolanda Francis,wgood@example.net,Tangerang,2023-01-25
CUST000132,Ashlee Jackson,rebecca05@example.org,Bandung,2024-07-07
CUST000133,James Thomas,yknight@example.org,Bandung,2024-05-14
CUST000134,Bob Pitts,tyleraguilar@example.org,Depok,2023-07-25
CUST000135,David Scott,nolansteven@example.com,Surabaya,2023-05-27
CUST000136,Brooke Alexander,vanessa46@example.net,Tangerang,2024-06-26
CUST000137,Ryan Gonzalez,gcastaneda@example.org,Jakarta,2022-07-20
CUST000138,Ian Phillips,andrew64@example.org,Jakarta,2025-01-12
CUST000139,Melissa Garner,lozanojulie@example.com,Medan,2022-07-11
CUST000140,Crystal Pham,danaoliver@example.net,Palembang,2022-12-07
CUST000141,Patricia Becker,courtneyberger@example.net,Depok,2024-09-21
CUST000142,Richard Johnson,jessica14@example.com,Palembang,2023-03-14
CUST000143,Casey Anderson,alyssa42@example.com,Bandung,2022-05-01
CUST000144,Terry Coffey,julie51@example.com,Jakarta,2024-02-16
CUST000145,Brenda Levy,zcoffey@example.net,Semarang,2024-03-10
CUST000146,Richard Smith,gibsonemily@example.net,Semarang,2024-07-20
CUST000147,James Little,daniel37@example.org,Denpasar,2024-05-16
CUST000148,Terri Murphy,deborahreid@example.com,Yogyakarta,2025-02-12
CUST000149,Elizabeth Ortiz,brandonjohnson@example.com,Bandung,2024-09-23
CUST000150,David Medina,qchavez@example.net,Semarang,2023-01-24
CUST000151,Kimberly Matthews,nicolepena@example.com,Jakarta,2023-03-22
CUST000152,Teresa Ramirez,jeff73@example.com,Denpasar,2025-04-01
CUST000153,Michael Stephens,bruce43@example.org,Jakarta,2025-01-15
CUST000154,Samantha Davis,darleneharper@example.org,Jakarta,2023-10-05
CUST000155,Gavin Zhang,caseyhubbard@example.org,Bekasi,2022-04-13
CUST000156,Robin Hall,kristinacarlson@example.com,Tangerang,2024-09-03
CUST000157,Brianna Anderson,lauren10@example.org,Bandung,2024-12-23
CUST000158,Richard Young,alfred40@example.org,Tangerang,2022-04-27
CUST000159,Kelly Reese,xwest@example.net,Bandung,2022-06-14
CUST000160,Jodi Walker,acostaregina@example.net,Bekasi,2022-05-21
CUST000161,Judith Maynard,lutzmelanie@example.com,Yogyakarta,2022-05-20
CUST000162,Katherine Browning,lammarc@example.org,Palembang,2023-04-27
CUST000163,Donald Schultz,oscar98@example.com,Bekasi,2022-09-03
CUST000164,Larry Garcia,farrelldebra@example.net,Bekasi,2023-05-20
CUST000165,Cindy Hayes,robertwilcox@example.com,Jakarta,2025-05-02
CUST000166,Brandon Simmons,nicholas27@example.org,Surabaya,2025-06-22
CUST000167,Bradley Reynolds,lisa80@example.net,Yogyakarta,2024-05-08
CUST000168,Kristina Santiago,qgomez@example.com,Bekasi,2025-04-10
CUST000169,Michelle Schmitt,michael98@example.org,Makassar,2024-12-06
CUST000170,John Boone,megan51@example.com,Medan,2023-06-19
CUST000171,Renee Bruce,lynchdiane@example.net,Medan,2023-10-06
CUST000172,Christopher Park,sandra50@example.org,Palembang,2023-06-28
CUST000173,Kylie Morales,joycebonilla@example.org,Yogyakarta,2022-09-26
CUST000174,Cindy Barnes,eric45@example.net,Depok,2023-09-07
CUST000175,Sophia Moore,craigjoseph@example.net,Surabaya,2023-10-10
CUST000176,Lawrence Perry,kariwilson@example.com,Depok,2022-01-20
CUST000177,Michael Watkins,brandon69@example.org,Bekasi,2025-06-26
CUST000178,Eric Clark,kathrynroberts@example.org,Surabaya,2022-07-24
CUST000179,Paul Thompson,opatel@example.net,Medan,2025-01-06
CUST000180,Mary Gomez,chensley@example.com,Semarang,2024-11-02
CUST000181,Thomas Atkins,tberry@example.net,Makassar,2022-09-29
CUST000182,Brian Smith,george97@example.net,Medan,2022-05-21
CUST000183,Anita Richard,ryanmorales@example.org,Semarang,2024-01-27
CUST000184,Eric Morgan,kimberly18@example.net,Depok,2022-11-20
CUST000185,Jordan Bullock,michael23@example.org,Denpasar,2025-01-17
CUST000186,Craig Morrison,thompsonkendra@example.com,Bekasi,2023-09-12
CUST000187,Justin Riley,michelle52@example.com,Jakarta,2024-12-19
CUST000188,Jeremy Turner,brittany58@example.org,Semarang,2025-02-09
CUST000189,Jesse Brown,chase19@example.net,Bandung,2022-08-01
CUST000190,Julie Spencer,colelisa@example.net,Surabaya,2023-06-26
CUST000191,Larry Mason,hayeslisa@example.com,Denpasar,2022-08-08
CUST000192,Mrs. Maria Williams,hritter@example.net,Bandung,2025-02-07
CUST000193,Helen Hardin,vortiz@example.net,Semarang,2023-07-12
CUST000194,Rachel Holland,riveraangela@example.com,Medan,2025-05-23
CUST000195,Nathaniel Douglas,mathewaguilar@example.org,Medan,2023-12-04
CUST000196,Emily Douglas,tanderson@example.org,Tangerang,2023-06-25
CUST000197,James Conner,elizabethcalderon@example.net,Semarang,2024-09-27
CUST000198,Susan Davis DDS,andrew42@example.org,Surabaya,2022-04-15
CUST000199,Ralph Lee,ericphillips@example.org,Semarang,2024-05-17
CUST000200,Kimberly Rodgers,stanleynancy@example.net,Jakarta,2022-04-01
CUST000201,James Martin,jenniferwilliams@example.com,Bandung,2023-11-15
CUST000202,Cynthia Wallace,karen73@example.net,Bandung,2023-06-21
CUST000203,Vincent Mueller,michealvalentine@example.com,Tangerang,2024-06-23
CUST000204,Douglas Reyes,mburch@example.net,Tangerang,2024-05-25
CUST000205,David Davidson,angela18@example.org,Surabaya,2022-01-20
CUST000206,Phillip Nelson,mariahdavis@example.org,Denpasar,2022-06-04
CUST000207,Stacey Arias,gbrown@example.com,Tangerang,2022-11-02
CUST000208,Zachary Brooks,florescory@example.net,Makassar,2022-03-15
CUST000209,Raven Taylor,samantha72@example.net,Tangerang,2025-04-07
CUST000210,Luis Bullock,scottmary@example.net,Palembang,2022-10-31
CUST000211,Lisa Henderson,john10@example.org,Jakarta,2022-09-19
CUST000212,Riley Bryant,copelandvincent@example.net,Makassar,2023-09-24
CUST000213,Jose Allen,kellysmith@example.com,Makassar,2022-03-23
CUST000214,Jason Beck,millsmichael@example.net,Yogyakarta,2023-03-07
CUST000215,Rachel Romero,myerstheodore@example.net,Yogyakarta,2023-05-27
CUST000216,James Burgess,kristina53@example.net,Makassar,2022-07-30
CUST000217,Ashley Perkins,dennis58@example.com,Palembang,2025-02-20
CUST000218,Carrie Maxwell,epollard@example.net,Denpasar,2025-06-25
CUST000219,Chad Baldwin,mjohnson@example.org,Medan,2022-11-13
CUST000220,Stacey Stewart,zachary87@example.com,Bandung,2022-11-29
CUST000221,Matthew Mitchell,glennmartin@example.org,Jakarta,2024-04-24
CUST000222,Jessica Ross,ykline@example.com,Denpasar,2023-01-03
CUST000223,Kathleen Jimenez,laurie61@example.com,Palembang,2023-11-12
CUST000224,Samantha Gardner,curtis54@example.com,Semarang,2023-05-24
CUST000225,Mitchell Jackson,cbell@example.net,Denpasar,2022-11-23
CUST000226,Heather Bolton,danielle01@example.net,Palembang,2022-08-10
CUST000227,Heidi Owen,stephaniethomas@example.net,Depok,2022-03-21
CUST000228,Jessica Martinez,kimberlydiaz@example.com,Medan,2023-04-01
CUST000229,Amanda Hernandez,xrush@example.com,Makassar,2024-07-31
CUST000230,Laura Moreno,redwards@example.org,Medan,2023-09-18
CUST000231,Allison Lopez,hmcintyre@example.com,Jakarta,2023-04-02
CUST000232,Michele Lewis,heather73@example.org,Palembang,2023-01-31
CUST000233,Benjamin Thompson,zosborn@example.net,Semarang,2023-11-04
CUST000234,Victoria Contreras,piercekelly@example.com,Semarang,2022-05-23
CUST000235,Michelle Ho,laurahicks@example.org,Yogyakarta,2023-12-21
CUST000236,Dr. Cynthia Snyder,angela57@example.net,Palembang,2024-11-09
CUST000237,Stephen Jones,ukey@example.com,Makassar,2025-01-03
CUST000238,Patricia Morrow,martinezlogan@example.org,Surabaya,2022-02-26
CUST000239,Michael Cooper,katrinaanderson@example.net,Bandung,2023-06-19
CUST000240,Amy Martinez,kevinmartin@example.net,Semarang,2025-04-04
CUST000241,Travis Stone,meghan43@example.net,Surabaya,2022-03-20
CUST000242,Denise Weber,shawgary@example.net,Palembang,2025-05-06
CUST000243,Matthew Le,megan90@example.org,Denpasar,2023-12-09
CUST000244,Travis Wise,debra96@example.net,Palembang,2023-10-05
CUST000245,Kathleen Burton,dawn47@example.org,Tangerang,2025-05-26
CUST000246,Melinda Evans,barkereric@example.com,Palembang,2022-08-25
CUST000247,Mr. Lawrence Edwards,jessica56@example.org,Medan,2025-03-26
CUST000248,Kayla Rodriguez,stevenadams@example.org,Jakarta,2023-06-06
CUST000249,Anthony Dougherty,kwright@example.com,Jakarta,2024-06-12
CUST000250,Michelle Lee,tyronerobertson@example.com,Tangerang,2024-11-30
CUST000251,Kathleen Davis,pwagner@example.org,Makassar,2023-02-08
CUST000252,Amber Campbell,amitchell@example.org,Surabaya,2024-06-02
CUST000253,Stephen Luna,zdiaz@example.org,Bekasi,2023-11-08
CUST000254,Chloe Tran,hughesshannon@example.net,Yogyakarta,2023-10-05
CUST000255,William Becker,andersoncolin@example.com,Denpasar,2022-09-13
CUST000256,Gina Mcmillan,jameshicks@example.net,Tangerang,2023-09-08
CUST000257,Andrew Reeves,jstone@example.net,Yogyakarta,2023-09-26
CUST000258,Brenda Velazquez,francisco94@example.net,Makassar,2024-04-16
CUST000259,Ronald Patel,thomas05@example.com,Denpasar,2024-04-04
CUST000260,Veronica Silva,carlsonjoseph@example.net,Tangerang,2023-08-29
CUST000261,Paula Lane,silvageorge@example.net,Medan,2022-09-18
CUST000262,Patricia James,anthonyvaughan@example.org,Yogyakarta,2024-05-11
CUST000263,Jeremy Barnes,avaughn@example.net,Yogyakarta,2024-02-16
CUST000264,Tami Salas,thorntonapril@example.net,Bekasi,2022-12-23
CUST000265,Matthew Fox,sue78@example.com,Semarang,2025-03-11
CUST000266,Megan Dillon,chelsea33@example.com,Tangerang,2024-04-11
CUST000267,Courtney Dudley,kellie37@example.com,Semarang,2022-01-01
CUST000268,Justin Michael,keith98@example.com,Medan,2023-08-11
CUST000269,Jennifer Reed,kellyroberts@example.net,Bekasi,2024-05-30
CUST000270,Thomas Douglas,ilewis@example.com,Yogyakarta,2025-05-27
CUST000271,Melissa Taylor,johnsantiago@example.net,Depok,2023-10-22
CUST000272,David Garcia,jennifer12@example.org,Depok,2024-06-23
CUST000273,Vanessa Moore,mwoods@example.com,Tangerang,2023-03-14
CUST000274,Matthew Velez,pearsonjesse@example.net,Denpasar,2024-08-27
CUST000275,Taylor Gentry,robertmonroe@example.org,Yogyakarta,2022-12-14
CUST000276,Jennifer Simpson DVM,nancy04@example.net,Semarang,2022-06-23
CUST000277,Tanya Rogers,ihays@example.net,Yogyakarta,2024-11-21
CUST000278,Todd Rosales MD,lisarivera@example.net,Makassar,2025-06-22
CUST000279,David Lopez,krystal93@example.org,Medan,2022-07-11
CUST000280,Margaret Sullivan,frobertson@example.com,Medan,2023-09-28
CUST000281,Cathy Taylor,shari04@example.com,Bandung,2023-02-12
CUST000282,Paul Finley,brandi90@example.com,Jakarta,2022-02-20
CUST000283,Melissa Brown,marshallerik@example.net,Depok,2023-05-17
CUST000284,Stephanie Padilla,hannah45@example.net,Surabaya,2025-06-05
CUST000285,Tyler Mendoza,madkins@example.com,Palembang,2024-07-21
CUST000286,Joshua Ruiz,kathleenbecker@example.net,Medan,2025-03-24
CUST000287,Angela Griffin,christian91@example.org,Depok,2024-02-26
CUST000288,Stephanie Harris,franklinbond@example.com,Medan,2024-03-29
CUST000289,Daniel Aguilar,nolansean@example.org,Yogyakarta,2022-10-30
CUST000290,Jose Bryant,hansenemily@example.com,Surabaya,2022-01-12
CUST000291,Jennifer Velasquez,bethwilliams@example.com,Medan,2024-05-20
CUST000292,Kimberly Brown,andersenthomas@example.com,Denpasar,2022-12-27
CUST000293,Randy Cannon,ybrooks@example.com,Depok,2024-11-26
CUST000294,Susan Bennett,desireebailey@example.org,Tangerang,2022-04-13
CUST000295,Jenna Anderson DVM,avilatiffany@example.com,Surabaya,2023-05-26
CUST000296,Kimberly Patel,johnreed@example.com,Bandung,2024-07-23
CUST000297,Shaun Cannon,pachecorobert@example.org,Yogyakarta,2024-08-09
CUST000298,Austin Wheeler,tharper@example.org,Tangerang,2024-12-23
CUST000299,Andrew Gonzales,karenparsons@example.org,Makassar,2025-05-04
CUST000300,Donna Cabrera,barbara53@example.com,Bekasi,2024-06-25
CUST000301,Victoria Boyd,dturner@example.net,Palembang,2024-10-30
CUST000302,Sheryl Buck,dpeters@example.com,Depok,2025-01-27
CUST000303,Megan Floyd,heather62@example.com,Denpasar,2022-11-22
CUST000304,Paul Wells,kevinzimmerman@example.com,Depok,2024-08-30
CUST000305,Kristina Faulkner,paulscott@example.com,Medan,2023-06-15
CUST000306,Tammy Boone,nicholsmaria@example.org,Tangerang,2023-07-22
CUST000307,Michael Morrison,lopezkathleen@example.net,Yogyakarta,2024-09-19
CUST000308,Claire Clark,kevin03@example.org,Semarang,2023-05-05
CUST000309,Autumn Key,srocha@example.net,Surabaya,2024-06-19
CUST000310,Jennifer Allen,kimberly67@example.net,Medan,2023-08-09
CUST000311,Elizabeth Ward,zowens@example.net,Makassar,2023-07-11
CUST000312,Ryan Rocha,lawrence09@example.org,Tangerang,2023-10-17
CUST000313,Alexis Tran,mphillips@example.com,Bandung,2022-06-15
CUST000314,Kelly Sanchez,jonathan77@example.com,Medan,2022-11-05
CUST000315,Robert Jackson,iwhite@example.net,Denpasar,2024-02-24
CUST000316,Kelly Combs,landryelizabeth@example.org,Denpasar,2022-11-09
CUST000317,Ryan Hall,albertwagner@example.com,Surabaya,2023-03-15
CUST000318,Mark Peck,bhopkins@example.org,Palembang,2024-04-29
CUST000319,Jennifer Smith,amanda40@example.net,Tangerang,2023-11-09
CUST000320,Megan Drake,danieldavis@example.org,Palembang,2024-08-12
CUST000321,Manuel King,joseph61@example.com,Medan,2022-05-08
CUST000322,Judy Sanchez,kevinclayton@example.org,Palembang,2024-05-10
CUST000323,Shannon Malone,sullivannicholas@example.com,Denpasar,2025-04-11
CUST000324,Adam Jackson,pbruce@example.com,Bekasi,2022-02-10
CUST000325,Shannon Davis,hallrachel@example.net,Depok,2024-02-19
CUST000326,Karen Williams,cohenjuan@example.net,Makassar,2022-01-13
CUST000327,Amanda Mcfarland,alexis39@example.org,Palembang,2023-09-04
CUST000328,Michelle Sanders,evansanne@example.net,Tangerang,2024-05-08
CUST000329,Jasmine Mosley,patrick21@example.net,Bekasi,2025-01-23
CUST000330,Haley Davis,marypeterson@example.net,Depok,2023-03-28
CUST000331,Jennifer Ayala,walterskristen@example.com,Semarang,2023-03-26
CUST000332,Henry Pugh MD,nmiller@example.com,Depok,2024-06-11
CUST000333,Michelle Miller,normanbowers@example.org,Palembang,2022-03-01
CUST000334,Emily Rodriguez,hahnsean@example.com,Yogyakarta,2023-11-20
CUST000335,Brandon Jordan,fgarcia@example.com,Denpasar,2024-04-08
CUST000336,Linda Mueller,asmith@example.com,Depok,2022-12-05
CUST000337,Misty Hansen,ashleyjackson@example.com,Bekasi,2022-09-19
CUST000338,Derrick Adams,bryanhamilton@example.com,Jakarta,2024-12-29
CUST000339,Richard Ward,jennifersimpson@example.net,Bekasi,2024-03-17
CUST000340,Brian Torres,ncook@example.com,Yogyakarta,2025-03-01
CUST000341,Erin Cook,kevinmorrison@example.net,Surabaya,2022-02-25
CUST000342,Ernest Oconnell,kelly79@example.org,Bandung,2024-05-27
CUST000343,Douglas Hartman,daniel93@example.net,Bandung,2024-08-03
CUST000344,Catherine Saunders MD,nhahn@example.com,Semarang,2022-04-13
CUST000345,Sandra Jones,ichambers@example.net,Makassar,2024-02-16
CUST000346,David Moore,emccormick@example.com,Depok,2023-03-10
CUST000347,Karen Morales DDS,ystephens@example.com,Makassar,2023-11-01
CUST000348,Robin Wheeler,rodriguezjohn@example.net,Semarang,2024-02-16
CUST000349,Matthew Williams,vrasmussen@example.com,Semarang,2024-05-13
CUST000350,Brett Walker,seanmyers@example.net,Depok,2022-06-17
CUST000351,Kathryn Cooper,webbkenneth@example.org,Denpasar,2022-02-09
CUST000352,Todd Thomas,matthew38@example.com,Jakarta,2025-01-09
CUST000353,Brent Bowen,tflores@example.org,Medan,2023-12-18
CUST000354,Ashley Sweeney,byrdfrank@example.net,Yogyakarta,2022-05-21
CUST000355,Christopher Moore,omullen@example.com,Jakarta,2022-03-24
CUST000356,Charlotte Sandoval,njohnson@example.org,Medan,2023-05-22
CUST000357,Jeffrey Smith,jamiegoodwin@example.org,Bekasi,2022-02-11
CUST000358,Rebecca Herrera,mark71@example.com,Medan,2022-11-09
CUST000359,Katherine Church,candice96@example.net,Depok,2022-09-16
CUST000360,Harold Ellis,lisamccarthy@example.com,Bekasi,2022-08-23
CUST000361,Leslie Powers,david41@example.org,Depok,2023-03-23
CUST000362,Charles Price,baileyhenderson@example.com,Makassar,2023-06-09
CUST000363,Melissa Brewer,angelaburns@example.org,Bekasi,2022-12-10
CUST000364,Ryan Harvey,stephanie72@example.org,Denpasar,2025-05-28
CUST000365,Tracey Wagner,fortiz@example.com,Bandung,2022-08-23
CUST000366,Jill Jackson,flynnjeffrey@example.org,Surabaya,2023-09-30
CUST000367,Joshua Jackson,xcunningham@example.com,Jakarta,2025-03-31
CUST000368,Ashley Wilson,amber07@example.net,Bekasi,2023-10-01
CUST000369,Jeffery Fitzgerald,kennethkidd@example.com,Palembang,2024-02-08
CUST000370,Scott Miller,rowejoel@example.net,Surabaya,2023-02-11
CUST000371,Heather Page,imartin@example.org,Denpasar,2025-04-27
CUST000372,Renee Hudson,candice25@example.net,Surabaya,2023-05-13
CUST000373,Kenneth Farley,taylorkaren@example.com,Yogyakarta,2023-09-10
CUST000374,Wendy Camacho,jacquelineanderson@example.org,Surabaya,2025-05-14
CUST000375,Sandra Juarez,kburns@example.net,Jakarta,2025-03-05
CUST000376,Jason Hayes,powellkara@example.net,Tangerang,2023-12-13
CUST000377,Jackie Clements,brandi17@example.net,Yogyakarta,2024-05-27
CUST000378,Heather Brown,brobinson@example.org,Surabaya,2024-01-29
CUST000379,Frank Campbell MD,ashleewashington@example.com,Yogyakarta,2024-11-02
CUST000380,Pamela Williams,ksmith@example.com,Jakarta,2023-11-30
CUST000381,William Patterson,nicoleturner@example.com,Depok,2024-05-10
CUST000382,Isaac Miller,brettgarrett@example.net,Palembang,2022-08-05
CUST000383,Cynthia Rios,smiththomas@example.org,Yogyakarta,2024-01-12
CUST000384,Kelly Wallace,dominguezlisa@example.com,Denpasar,2024-07-30
CUST000385,Karen Perez,crosscurtis@example.com,Palembang,2022-11-10
CUST000386,Edwin Reyes,darlenebyrd@example.org,Denpasar,2022-12-27
CUST000387,Alejandra Santos,nbell@example.net,Yogyakarta,2024-12-04
CUST000388,Tamara Jensen,fheath@example.org,Bekasi,2023-07-08
CUST000389,Bryce Blair,sylvia52@example.org,Depok,2025-01-07
CUST000390,Bradley Tran,kimberly04@example.org,Palembang,2024-08-10
CUST000391,Katrina Adkins,debbie37@example.com,Semarang,2025-04-28
CUST000392,Jonathan Wheeler,hatfieldsarah@example.org,Medan,2023-10-23
CUST000393,Ryan Fisher,kathrynbest@example.org,Semarang,2022-06-27
CUST000394,Austin Baker,livingstonstacy@example.com,Medan,2024-07-12
CUST000395,Lori Mason,zhenderson@example.org,Bekasi,2024-08-09
CUST000396,Kimberly Hernandez,collinswilliam@example.org,Yogyakarta,2025-06-03
CUST000397,Brittney Murphy,collinssamuel@example.org,Makassar,2024-02-16
CUST000398,Brandon Hamilton,dsalazar@example.com,Depok,2022-02-28
CUST000399,Mary Thompson,zimmermanjacqueline@example.org,Bandung,2023-10-28
CUST000400,Gregory Holmes PhD,gary24@example.net,Medan,2024-09-25
CUST000401,Patricia Johnson,enelson@example.com,Semarang,2023-12-28
CUST000402,Laura Jones,ddixon@example.com,Semarang,2023-11-29
CUST000403,Carol Moore,shannonemily@example.org,Denpasar,2025-05-05
CUST000404,Jordan Williams,sanchezthomas@example.com,Tangerang,2023-07-20
CUST000405,Cassidy Horne,tranrobin@example.net,Tangerang,2022-01-21
CUST000406,Courtney Wright,joseph19@example.com,Surabaya,2023-01-27
CUST000407,Michael Williams,lindajarvis@example.com,Denpasar,2023-05-10
CUST000408,John Campbell,mark87@example.org,Depok,2024-04-12
CUST000409,Eddie Mueller,stevenvargas@example.com,Medan,2025-02-11
CUST000410,Dr. Morgan Payne PhD,adamortiz@example.org,Yogyakarta,2024-09-02
CUST000411,Makayla Steele,tapiaaaron@example.net,Depok,2024-10-02
CUST000412,Oscar Parker,alyssaallen@example.com,Surabaya,2022-02-05
CUST000413,Valerie Thomas,christopher38@example.com,Medan,2023-08-26
CUST000414,Jacqueline Villegas,carpenterwilliam@example.net,Denpasar,2024-04-08
CUST000415,Angela Bradley,ibates@example.org,Semarang,2023-05-14
CUST000416,Samuel Howe,vhaynes@example.com,Makassar,2025-04-06
CUST000417,Dillon Jones,derekcarrillo@example.org,Tangerang,2024-08-27
CUST000418,Christopher Owens,wmartinez@example.org,Makassar,2024-12-23
CUST000419,John Phelps,mooregina@example.net,Denpasar,2024-05-21
CUST000420,Amanda Huff,eddie35@example.com,Makassar,2025-02-01
CUST000421,Megan Green,anthonysullivan@example.com,Denpasar,2023-12-22
CUST000422,Krista Davis,laradonald@example.org,Semarang,2024-07-18
CUST000423,Richard Walker,madisonwatson@example.net,Semarang,2023-09-20
CUST000424,Angela Willis,johnsoncaleb@example.net,Surabaya,2023-04-18
CUST000425,Carl Stein,david70@example.org,Makassar,2023-01-30
CUST000426,Jessica Ramsey,rjohnson@example.com,Denpasar,2022-09-02
CUST000427,Daniel Lopez,sean20@example.net,Denpasar,2025-01-02
CUST000428,Danielle Phillips,eandrade@example.org,Medan,2023-01-15
CUST000429,James Barnes,crystalpham@example.org,Denpasar,2023-03-20
CUST000430,Rachael Howard DDS,kcooper@example.net,Semarang,2024-09-18
CUST000431,Devin Johnson,anthonycochran@example.com,Tangerang,2025-04-22
CUST000432,William Moreno,terrigarcia@example.net,Semarang,2025-05-07
CUST000433,Joseph Moody,gallagherstacie@example.net,Medan,2022-07-25
CUST000434,Rebecca Kelly,gregorywatkins@example.net,Medan,2023-08-30
CUST000435,Suzanne Johnson,stacey92@example.net,Bandung,2024-01-10
CUST000436,Sara Cochran,lweaver@example.com,Jakarta,2023-09-12
CUST000437,Anthony Guzman,foxaaron@example.net,Bandung,2024-12-29
CUST000438,Carlos Love,brian29@example.net,Jakarta,2023-07-16
CUST000439,Patricia Mathis,susan56@example.net,Tangerang,2022-04-22
CUST000440,Eric Taylor,jessicakim@example.net,Denpasar,2023-08-22
CUST000441,Marie Thompson,jeffrey92@example.com,Yogyakarta,2022-09-16
CUST000442,Michael Anderson,rushstacy@example.com,Surabaya,2024-10-02
CUST000443,Patricia Bradley,carriemccall@example.net,Bekasi,2022-01-26
CUST000444,Keith Zuniga,markmiller@example.com,Depok,2023-08-06
CUST000445,Mrs. Stacey Davis,sean43@example.org,Depok,2024-09-07
CUST000446,Hayley Buchanan,williamssamuel@example.com,Bandung,2023-11-29
CUST000447,Stacey Snyder,ybell@example.org,Semarang,2022-04-16
CUST000448,Rachel Lane,franciscojones@example.org,Surabaya,2024-09-05
CUST000449,Fernando Lynn,petersonpamela@example.org,Palembang,2022-05-14
CUST000450,Kimberly Villanueva,morgantricia@example.com,Surabaya,2024-10-04
CUST000451,Jessica Valdez,gmoore@example.com,Yogyakarta,2025-03-27
CUST000452,Colton Terry,donna43@example.org,Bandung,2022-04-20
CUST000453,Kenneth Larsen,briansmith@example.org,Bekasi,2022-11-02
CUST000454,Matthew Greene,collinclark@example.net,Surabaya,2023-09-15
CUST000455,Bradley Anthony,kristen77@example.net,Surabaya,2023-05-24
CUST000456,Martin Hughes,nicole52@example.com,Palembang,2025-02-16
CUST000457,Jeremiah Baker,anne21@example.org,Bekasi,2025-05-26
CUST000458,Rhonda Gutierrez,angelarandall@example.net,Medan,2025-06-20
CUST000459,Joseph Camacho,parmstrong@example.com,Palembang,2024-12-06
CUST000460,James Nash,shawrachel@example.net,Depok,2024-07-11
CUST000461,Lisa Martinez,kthompson@example.org,Bekasi,2023-09-01
CUST000462,Beth Henderson,oharris@example.org,Semarang,2024-05-28
CUST000463,Deanna Bartlett,millerangela@example.net,Bekasi,2025-03-10
CUST000464,Donald Ellis,buchanancindy@example.net,Bekasi,2022-05-04
CUST000465,Ashley Hernandez,buckleyanna@example.org,Medan,2022-07-23
CUST000466,Sharon Beard,pbaker@example.com,Semarang,2023-03-09
CUST000467,Kara Jackson,mthomas@example.net,Bandung,2022-06-16
CUST000468,Amanda Preston,hannah07@example.com,Bandung,2023-05-07
CUST000469,Alicia Roth,larry71@example.org,Surabaya,2025-02-04
CUST000470,William Ramos,joseph69@example.net,Jakarta,2022-11-17
CUST000471,Jeremy Mcintyre,wfigueroa@example.net,Depok,2024-04-16
CUST000472,Samantha Robertson,cameronmckinney@example.com,Depok,2025-05-01
CUST000473,Samuel Suarez,thompsonnancy@example.org,Jakarta,2023-08-20
CUST000474,Danielle Bryant,janet45@example.com,Semarang,2023-04-20
CUST000475,Madison Martinez,allentracy@example.com,Denpasar,2023-08-03
CUST000476,Seth Matthews,max41@example.com,Surabaya,2024-07-18
CUST000477,Anthony Nash,mercedesholland@example.net,Semarang,2023-04-24
CUST000478,Matthew Palmer,wellsdavid@example.org,Yogyakarta,2025-04-22
CUST000479,Alejandra King,jennifer46@example.com,Palembang,2023-02-10
CUST000480,Judy Robinson,erica96@example.net,Tangerang,2022-08-24
CUST000481,Jorge Bates,anna99@example.com,Yogyakarta,2023-04-06
CUST000482,Brian Brown,danielle44@example.net,Semarang,2022-11-02
CUST000483,Stephanie Evans,zacharyallen@example.org,Surabaya,2022-10-19
CUST000484,Rebekah Greene,erin07@example.com,Bandung,2022-05-03
CUST000485,Jason Price,aguilarwanda@example.org,Bekasi,2023-09-22
CUST000486,Micheal Parks,qknox@example.com,Semarang,2025-03-11
CUST000487,Sarah Pittman,kellyruiz@example.net,Surabaya,2024-06-18
CUST000488,Robert Hines,staceylam@example.net,Denpasar,2024-08-17
CUST000489,Henry Garner,robert55@example.com,Denpasar,2023-09-15
CUST000490,Julie Wilson,delacruzbrandy@example.net,Semarang,2024-04-04
CUST000491,Steve Mason,amoreno@example.org,Tangerang,2024-10-21
CUST000492,Brittany Gay,robert97@example.org,Depok,2024-10-08
CUST000493,Mike Maxwell,lcook@example.com,Bekasi,2022-06-14
CUST000494,Abigail Hill,barbaramoore@example.org,Palembang,2022-03-23
CUST000495,Jeffrey Jordan,ysanford@example.org,Bekasi,2023-10-23
CUST000496,Curtis Watson,mcclainkatherine@example.net,Jakarta,2023-05-28
CUST000497,Michael Sims,jeremywiley@example.com,Medan,2022-07-07
CUST000498,James Chapman,cameronwilliams@example.com,Bekasi,2025-03-24
CUST000499,Joseph Warren,ibarron@example.com,Yogyakarta,2022-02-12
CUST000500,Katherine Christensen MD,osmith@example.net,Bekasi,2023-07-06
CUST000501,Mrs. Alison Wagner,richardsondebra@example.org,Bandung,2022-03-24
CUST000502,Martin Wise,wheelerbrandon@example.org,Tangerang,2024-08-21
CUST000503,Alicia Norris,hwallace@example.net,Semarang,2024-06-24
CUST000504,Michael Harris,turnerdorothy@example.net,Bekasi,2023-01-07
CUST000505,Lisa Haynes,grivas@example.net,Yogyakarta,2024-06-11
CUST000506,Autumn Wilson,jimenezchelsea@example.com,Surabaya,2024-10-04
CUST000507,Valerie Howard,cphillips@example.net,Makassar,2024-08-20
CUST000508,Daniel Fitzpatrick MD,smithchristopher@example.org,Makassar,2024-04-16
CUST000509,Maureen Hernandez,chancharles@example.net,Yogyakarta,2023-10-20
CUST000510,David Hall,joseph01@example.org,Bandung,2022-08-03
CUST000511,Sarah Ward,ronald11@example.org,Palembang,2023-11-07
CUST000512,Charles Holland,michael79@example.com,Semarang,2024-10-11
CUST000513,Anna Briggs,danielross@example.com,Tangerang,2024-03-31
CUST000514,James Jefferson,zbanks@example.org,Depok,2022-03-17
CUST000515,Michael Brown,dalepruitt@example.com,Makassar,2022-06-30
CUST000516,Meghan White,nmaxwell@example.org,Makassar,2023-06-01
CUST000517,Sheryl Acosta,timothyfreeman@example.com,Palembang,2022-08-26
CUST000518,Arthur Pena,busherica@example.net,Jakarta,2024-11-19
CUST000519,Krystal Levine,april91@example.com,Depok,2025-01-16
CUST000520,Danielle Reed,jhernandez@example.net,Jakarta,2024-04-26
CUST000521,Mason Moore,kchristian@example.org,Tangerang,2023-01-20
CUST000522,Erica Rivera,brent38@example.net,Bekasi,2024-01-11
CUST000523,Robert Miller,csolis@example.org,Yogyakarta,2024-10-17
CUST000524,Jillian Wilson,bmcgee@example.org,Jakarta,2024-06-24
CUST000525,Andrew Dunn,connersylvia@example.net,Semarang,2023-02-21
CUST000526,Jordan Clark,xclements@example.org,Bandung,2025-01-29
CUST000527,Sarah Rivera,xmoran@example.net,Depok,2023-08-13
CUST000528,Brent Hopkins,petersonmaria@example.com,Surabaya,2024-09-19
CUST000529,Jacqueline Rodriguez,travisunderwood@example.net,Yogyakarta,2022-03-01
CUST000530,Ashley Carr,davidphelps@example.org,Medan,2025-05-31
CUST000531,Richard Love,shermanbrandon@example.net,Semarang,2022-11-21
CUST000532,Leah Barton,lellis@example.net,Jakarta,2025-02-02
CUST000533,Jonathan Moreno,tranryan@example.net,Palembang,2025-02-05
CUST000534,Mr. Thomas Thompson,jessicaanderson@example.com,Medan,2022-07-10
CUST000535,Lisa Morris,mbarnes@example.net,Depok,2022-08-21
CUST000536,Denise Stuart,shawn22@example.com,Yogyakarta,2022-08-29
CUST000537,Stacey Hunt,jennifer83@example.org,Depok,2022-11-12
CUST000538,Miguel Parks,tinasantos@example.org,Tangerang,2023-08-21
CUST000539,Melissa Morris,hodgesanna@example.net,Palembang,2023-07-14
CUST000540,Mary Butler,natalie60@example.net,Depok,2024-09-15
CUST000541,James Brown,gonzalezkaren@example.org,Depok,2023-05-15
CUST000542,Miss Brianna Brown,james80@example.com,Bandung,2025-02-02
CUST000543,Ashley Parrish,juliahoffman@example.org,Medan,2024-02-25
CUST000544,Rebecca Horton,housepaul@example.net,Tangerang,2025-05-12
CUST000545,Juan Smith,james73@example.net,Surabaya,2022-10-07
CUST000546,Maria Fischer,kimberlybrandt@example.com,Palembang,2023-07-20
CUST000547,William Jones,jillwilson@example.org,Tangerang,2023-11-28
CUST000548,Justin Anderson,adam72@example.org,Jakarta,2023-07-02
CUST000549,Frank Williams,tracy98@example.com,Denpasar,2023-08-03
CUST000550,Michael Fox,abigailhartman@example.org,Bekasi,2023-09-04
CUST000551,Joshua Davis,nicolealvarado@example.com,Yogyakarta,2025-04-02
CUST000552,Daniel Goodwin,wbarajas@example.net,Bandung,2024-09-29
CUST000553,Michael Griffin,susanfleming@example.com,Tangerang,2024-07-03
CUST000554,Robert Wilson,amber40@example.net,Makassar,2024-09-18
CUST000555,Jaime Lang,stucker@example.net,Tangerang,2023-11-12
CUST000556,Jose Vaughan,teresaayala@example.net,Palembang,2025-01-17
CUST000557,Austin Santiago,michellecoleman@example.org,Makassar,2024-07-21
CUST000558,Ronald Johns,elucas@example.net,Denpasar,2023-01-22
CUST000559,Allison Love,millerbrian@example.com,Bekasi,2023-05-05
CUST000560,Laura Perez,rickey76@example.com,Medan,2024-02-24
CUST000561,James Wilson,maychristine@example.net,Jakarta,2024-04-21
CUST000562,Mercedes Jones,robertsgina@example.net,Denpasar,2023-10-14
CUST000563,Preston Kim,bshort@example.com,Denpasar,2024-08-26
CUST000564,Daniel Francis,susan24@example.net,Palembang,2024-02-20
CUST000565,Traci Camacho,susan08@example.net,Depok,2022-11-08
CUST000566,Andrew Armstrong,fmedina@example.com,Bandung,2022-03-17
CUST000567,Patrick Swanson,robertbrewer@example.net,Bekasi,2024-10-25
CUST000568,Clinton Jensen,james29@example.org,Surabaya,2023-11-11
CUST000569,Tara Gamble,enewman@example.com,Surabaya,2024-06-20
CUST000570,Danielle Gonzalez,wlynn@example.org,Depok,2024-12-13
CUST000571,Cynthia Mitchell,mcculloughlouis@example.com,Denpasar,2022-02-01
CUST000572,Matthew Steele,arianadiaz@example.com,Palembang,2022-10-23
CUST000573,Caroline Edwards,jenniferdavidson@example.com,Surabaya,2022-11-13
CUST000574,Brandy Quinn,wford@example.com,Semarang,2024-08-19
CUST000575,Mr. Matthew Miller,michele28@example.org,Bekasi,2023-11-25
CUST000576,Stephen Jones,mcclainmelissa@example.net,Yogyakarta,2024-03-25
CUST000577,Kevin Sullivan,rebeccaarnold@example.net,Makassar,2022-06-14
CUST000578,Kimberly Valdez,michaelwalker@example.net,Palembang,2024-12-28
CUST000579,Donna Marshall,sanderswayne@example.net,Yogyakarta,2023-10-11
CUST000580,Victor Holden,katherinetaylor@example.org,Tangerang,2024-09-26
CUST000581,Travis Hopkins,jillwebb@example.com,Bekasi,2022-03-15
CUST000582,Philip Hall,mike03@example.net,Medan,2022-05-21
CUST000583,Heather Harrison,ckeith@example.net,Medan,2023-08-12
CUST000584,Michael Boyd,mary49@example.net,Palembang,2022-07-05
CUST000585,Jamie Gray,blacknicholas@example.org,Yogyakarta,2022-07-21
CUST000586,Heather Parrish,msparks@example.org,Depok,2022-07-25
CUST000587,Brenda Martin,robertsonjuan@example.org,Denpasar,2022-12-07
CUST000588,Jack Love,guerrerorobert@example.com,Jakarta,2023-09-06
CUST000589,Karen Mendoza,brittanyholland@example.com,Makassar,2022-04-05
CUST000590,Andrew Berry,dennishunt@example.net,Semarang,2022-04-25
CUST000591,Christopher Nielsen,kgreene@example.net,Makassar,2024-01-05
CUST000592,Nathan Stanley,stacey37@example.net,Bandung,2024-06-01
CUST000593,Sharon Jackson DVM,laurahoover@example.org,Tangerang,2023-05-16
CUST000594,Kayla Jackson,sandra99@example.org,Bekasi,2024-04-23
CUST000595,James Rodriguez,alexandrablankenship@example.net,Bandung,2023-01-04
CUST000596,Chase Davis,mvalenzuela@example.org,Surabaya,2022-12-25
CUST000597,Kim Goodwin,olsondavid@example.net,Palembang,2025-06-02
CUST000598,April Pace,xboyd@example.org,Yogyakarta,2025-06-23
CUST000599,Jessica Mays,yclarke@example.com,Depok,2023-05-09
CUST000600,Natalie Juarez,colemanjonathan@example.org,Bandung,2025-04-09
CUST000601,Angela George,ascott@example.net,Depok,2023-04-21
CUST000602,Adrienne Mills,brooksjamie@example.com,Depok,2023-06-05
CUST000603,Brian Simmons,jose86@example.net,Yogyakarta,2023-06-07
CUST000604,Donald Becker,robertbowers@example.com,Depok,2022-01-20
CUST000605,Justin Webb,becky62@example.net,Yogyakarta,2023-08-13
CUST000606,David Logan,craigromero@example.com,Bandung,2025-01-24
CUST000607,Lisa Cohen,martintamara@example.org,Depok,2022-06-01
CUST000608,Samantha Ruiz,qdavis@example.org,Bekasi,2023-12-09
CUST000609,Lee Ramsey,hmendez@example.com,Yogyakarta,2023-09-05
CUST000610,Linda Bautista,daniellegonzales@example.org,Denpasar,2024-05-18
CUST000611,Tara Holmes,arthurgreene@example.net,Depok,2023-05-28
CUST000612,Lisa Craig,john02@example.org,Medan,2023-09-11
CUST000613,Penny Gomez MD,aprilmclaughlin@example.org,Depok,2024-02-27
CUST000614,Krista Barber,michael43@example.net,Medan,2022-08-07
CUST000615,Jordan Powell,greenrichard@example.org,Bekasi,2024-02-21
CUST000616,Kathy Morgan,prattsue@example.net,Bekasi,2024-01-06
CUST000617,Laura Benson,xhart@example.org,Denpasar,2023-08-29
CUST000618,Tonya Ellis,bmosley@example.com,Jakarta,2023-08-28
CUST000619,Austin Schultz,ericahall@example.com,Semarang,2024-03-21
CUST000620,Harry Nichols,john16@example.net,Bekasi,2022-01-17
CUST000621,Gloria Spencer,thomasgomez@example.net,Bekasi,2022-04-11
CUST000622,Travis Vega,victorgonzalez@example.net,Semarang,2024-10-14
CUST000623,Derek Perez,marykelly@example.org,Bekasi,2023-04-17
CUST000624,Blake Sosa,waustin@example.net,Medan,2023-12-23
CUST000625,Sarah Watson,travis94@example.com,Bekasi,2023-01-25
CUST000626,Phillip Dixon,kwalker@example.org,Yogyakarta,2023-05-29
CUST000627,Robert Mendoza,shawphillip@example.net,Yogyakarta,2022-10-08
CUST000628,Joyce Martinez,astewart@example.org,Yogyakarta,2022-07-18
CUST000629,Jamie Garcia,chloe42@example.net,Semarang,2022-03-22
CUST000630,Derrick Mullen,michael76@example.org,Jakarta,2024-06-21
CUST000631,Paul Diaz,lramirez@example.net,Makassar,2025-04-01
CUST000632,Kenneth Perez,lelinda@example.net,Surabaya,2022-09-27
CUST000633,James Thomas,thomassmith@example.com,Makassar,2023-08-28
CUST000634,Dr. Samuel Holmes DDS,jevans@example.net,Bandung,2024-04-30
CUST000635,Brett Martin,lisawoods@example.net,Bandung,2023-02-16
CUST000636,Patrick Green,ann45@example.org,Makassar,2025-01-09
CUST000637,Gregory Frazier,barbarasantos@example.net,Tangerang,2024-12-23
CUST000638,Richard Kelly,champton@example.org,Bandung,2023-07-13
CUST000639,Dustin Welch,mirandadavidson@example.com,Depok,2023-06-11
CUST000640,Logan Sullivan,millermatthew@example.com,Denpasar,2023-08-28
CUST000641,Eddie Adams,cnelson@example.com,Surabaya,2023-11-25
CUST000642,Kelly Cole,ivanjohnson@example.net,Surabaya,2024-08-17
CUST000643,David Manning,clarkrandy@example.org,Medan,2022-10-16
CUST000644,Shawn Kelley,wisealexandria@example.org,Tangerang,2024-03-24
CUST000645,Luke Miller,pparker@example.net,Surabaya,2024-01-20
CUST000646,Mark Anderson,anthonyalvarado@example.com,Jakarta,2024-03-19
CUST000647,Julie Pitts,amy28@example.org,Tangerang,2023-06-26
CUST000648,Joyce Curry,omills@example.net,Depok,2022-09-11
CUST000649,Gregory Fernandez,ramosmichael@example.com,Yogyakarta,2024-01-25
CUST000650,Adam Mills,mauriceharrison@example.org,Bekasi,2023-06-21
CUST000651,Katherine Campos,albert64@example.net,Yogyakarta,2024-02-20
CUST000652,Adam Brooks,bkhan@example.com,Surabaya,2024-01-31
CUST000653,Miguel Brewer,fwalker@example.com,Depok,2023-04-24
CUST000654,Kellie Marsh,justin84@example.com,Bekasi,2022-02-21
CUST000655,Barry Taylor,walshchristine@example.com,Makassar,2025-02-23
CUST000656,Katherine Flores,brandonnichols@example.org,Medan,2025-06-03
CUST000657,Diane Martinez,oacosta@example.org,Yogyakarta,2022-05-10
CUST000658,Johnny Peterson,kristi75@example.com,Denpasar,2024-08-08
CUST000659,Amanda Miller,brianrowe@example.org,Yogyakarta,2023-09-11
CUST000660,Catherine Huang,lisa01@example.net,Surabaya,2024-04-16
CUST000661,Ray Ramos,gonzalezjill@example.org,Jakarta,2022-10-14
CUST000662,Vickie Kennedy,sharon20@example.net,Semarang,2022-03-18
CUST000663,Kelly King,james03@example.org,Surabaya,2024-10-05
CUST000664,Jeffrey Smith,brenda63@example.org,Medan,2022-07-19
CUST000665,Lauren Vazquez,nathandavis@example.org,Bandung,2025-01-05
CUST000666,Mr. George Booker DDS,browndeanna@example.net,Depok,2024-03-06
CUST000667,Ashley Freeman,tina57@example.net,Yogyakarta,2024-01-30
CUST000668,Michael Howard,johnwilliams@example.net,Palembang,2025-01-11
CUST000669,Edward Terry,ashleystephens@example.com,Denpasar,2025-04-17
CUST000670,Denise Guerra,caseymoore@example.com,Palembang,2022-11-13
CUST000671,Kimberly Gibson,bgross@example.net,Depok,2022-07-22
CUST000672,Patty Allen,barrettamber@example.com,Palembang,2025-06-14
CUST000673,Michael Cannon,chloemorris@example.net,Jakarta,2023-07-27
CUST000674,Brent Hopkins,conleydavid@example.org,Medan,2024-01-29
CUST000675,John Garcia,hbarrett@example.net,Depok,2024-06-27
CUST000676,Dawn Diaz,smithsamantha@example.net,Makassar,2023-04-29
CUST000677,Steve Miller PhD,wardjulia@example.com,Yogyakarta,2022-07-23
CUST000678,Rebecca Brown,allison14@example.org,Tangerang,2024-01-23
CUST000679,Toni Davis,amandalopez@example.net,Jakarta,2024-01-05
CUST000680,Laura Meza,xreese@example.net,Semarang,2024-03-26
CUST000681,Megan Park,kandrade@example.org,Surabaya,2023-01-24
CUST000682,Kathy Sandoval,umahoney@example.net,Surabaya,2024-07-20
CUST000683,Erika Watson PhD,umckenzie@example.net,Yogyakarta,2023-03-11
CUST000684,Joshua Brooks,michael77@example.com,Jakarta,2025-05-07
CUST000685,Andrew Mitchell,holmesvictoria@example.com,Makassar,2022-04-14
CUST000686,William Lewis,andrew48@example.net,Bandung,2023-05-14
CUST000687,Tammy Moore,stevenseric@example.com,Medan,2025-03-02
CUST000688,Kevin Hall,christopher69@example.org,Tangerang,2022-05-21
CUST000689,Misty Mcguire,tracynolan@example.net,Bekasi,2023-03-01
CUST000690,Susan Larson,benjamin96@example.org,Medan,2023-03-19
CUST000691,Tammy Cook,hbutler@example.org,Bandung,2023-11-04
CUST000692,Sarah Mcfarland,hbrown@example.org,Jakarta,2025-05-05
CUST000693,Karl Murphy,ericnunez@example.com,Bandung,2023-07-22
CUST000694,Nicole Johnston,walkerkeith@example.com,Tangerang,2022-09-24
CUST000695,George Alvarez,kelleyjose@example.com,Bandung,2023-05-29
CUST000696,Patricia Anderson,timothygonzalez@example.com,Yogyakarta,2022-08-14
CUST000697,Christina Gilbert,johnadams@example.com,Bandung,2022-02-22
CUST000698,Thomas Davis,whenderson@example.org,Makassar,2022-01-31
CUST000699,Kirk Johnson,gary59@example.com,Bekasi,2023-05-03
CUST000700,Jessica Glass,jamesbrooks@example.net,Jakarta,2023-10-26
CUST000701,Ashley Brown,mistywilkins@example.org,Semarang,2022-12-23
CUST000702,Robert Torres,njohnson@example.net,Bandung,2022-04-18
CUST000703,Christina Mills,ana92@example.net,Tangerang,2024-05-12
CUST000704,Alicia Aguilar,scottbrian@example.org,Denpasar,2022-08-21
CUST000705,Lisa Brown,jonesdonna@example.net,Depok,2022-05-11
CUST000706,Mary Lin,carternicole@example.com,Makassar,2024-07-07
CUST000707,James Bray,mckeetodd@example.net,Bekasi,2024-11-17
CUST000708,Charlotte Mason,tcastro@example.org,Depok,2022-08-12
CUST000709,Thomas Torres,klong@example.org,Medan,2024-10-28
CUST000710,Harold Garrett,wendyirwin@example.com,Jakarta,2025-06-13
CUST000711,Lori Johns,raymondstacy@example.org,Semarang,2024-12-03
CUST000712,Steven Sandoval,blairabigail@example.net,Yogyakarta,2024-07-27
CUST000713,Lori Perez,ashleysimmons@example.com,Jakarta,2022-03-05
CUST000714,Erin Daniels,denisecarpenter@example.net,Palembang,2024-09-07
CUST000715,Shari Parker,russellstout@example.org,Yogyakarta,2024-05-23
CUST000716,Krystal Moore,grantstacy@example.org,Depok,2022-08-10
CUST000717,Ryan Thomas,cannonnicole@example.com,Surabaya,2024-06-27
CUST000718,Elizabeth Reese,edwin31@example.org,Makassar,2022-06-15
CUST000719,Phillip Salazar,catherine93@example.net,Bandung,2025-05-30
CUST000720,Michael Howard,manderson@example.com,Bandung,2022-05-15
CUST000721,Jacqueline Christian,kwells@example.org,Bekasi,2023-07-18
CUST000722,Jason Novak,stephanie33@example.org,Tangerang,2025-04-13
CUST000723,Timothy Duke,dwatts@example.org,Palembang,2023-10-28
CUST000724,Ricardo Franklin,zcortez@example.net,Tangerang,2025-05-08
CUST000725,Laura Herrera,meyershannon@example.org,Depok,2023-08-27
CUST000726,Danielle Medina,grantzachary@example.net,Bekasi,2024-11-01
CUST000727,Cheryl Gonzales,kim47@example.org,Surabaya,2024-05-31
CUST000728,Louis Brown,stevenlucas@example.org,Yogyakarta,2022-08-23
CUST000729,Ashley Osborne,phillipmorris@example.org,Denpasar,2025-02-03
CUST000730,Kevin Marquez,nicoledavis@example.com,Palembang,2023-03-17
CUST000731,Susan Hogan,davisjasmin@example.net,Medan,2024-07-13
CUST000732,Joseph Cruz,nicholasjames@example.org,Makassar,2024-04-27
CUST000733,Krystal Keller,fernandothomas@example.net,Palembang,2024-07-17
CUST000734,Eric Cross,lroberts@example.org,Denpasar,2024-05-01
CUST000735,Toni Smith,alexander77@example.net,Makassar,2022-07-14
CUST000736,Lisa Snyder,briannaalvarez@example.com,Makassar,2024-05-24
CUST000737,Kyle Smith,christine83@example.org,Makassar,2023-06-07
CUST000738,Anthony Bailey,melissaestrada@example.net,Yogyakarta,2022-11-09
CUST000739,Thomas Williams,kchaney@example.net,Surabaya,2024-08-29
CUST000740,Matthew Graves,tammycurry@example.com,Surabaya,2022-07-06
CUST000741,Anna Evans,priscilla16@example.net,Palembang,2022-07-10
CUST000742,John Martinez,mark68@example.org,Denpasar,2022-07-17
CUST000743,Lisa Rodriguez,webbhaley@example.net,Bandung,2024-02-03
CUST000744,Lee Stewart,sara99@example.com,Jakarta,2025-02-13
CUST000745,Lynn Vasquez,nicolehall@example.com,Tangerang,2025-04-16
CUST000746,April Johnson,mclaughlinjared@example.net,Makassar,2025-02-24
CUST000747,Mrs. Felicia Castro DDS,davidsonhannah@example.com,Palembang,2022-09-08
CUST000748,Elizabeth Hunter,katie15@example.com,Yogyakarta,2023-12-26
CUST000749,Keith Choi,jamesbass@example.net,Denpasar,2024-05-16
CUST000750,John Johnson,timothyburton@example.net,Semarang,2022-04-16
CUST000751,Julia Olsen,conleykevin@example.net,Semarang,2025-05-14
CUST000752,Kristen Smith,lauren51@example.org,Surabaya,2023-12-22
CUST000753,Andre Terrell,ashleyprice@example.net,Tangerang,2025-03-29
CUST000754,Richard Parker,jennifer46@example.org,Bandung,2023-03-12
CUST000755,David Hayes DVM,aliciathompson@example.com,Medan,2024-09-14
CUST000756,Paula Gentry,zhunter@example.com,Makassar,2022-08-10
CUST000757,Brittany Peterson,hoconnor@example.com,Makassar,2025-02-13
CUST000758,Briana Wiggins,jamiejohnson@example.com,Semarang,2022-08-24
CUST000759,Kelly Smith,mcdanielbrooke@example.org,Medan,2025-03-21
CUST000760,Stephen Garcia,andrew43@example.com,Tangerang,2024-05-28
CUST000761,Dustin Patel,rlambert@example.org,Bekasi,2025-06-27
CUST000762,Brian Mullen,clarkmichael@example.com,Jakarta,2025-02-14
CUST000763,Tony Brock,georgecollins@example.com,Yogyakarta,2025-06-01
CUST000764,Amber Johnson,rodriguezbrian@example.com,Jakarta,2023-07-02
CUST000765,Michael Vance,tjensen@example.com,Semarang,2023-01-05
CUST000766,Michelle Lambert,beltrankatelyn@example.com,Makassar,2023-09-25
CUST000767,Anna Lang,tdavis@example.net,Jakarta,2023-12-20
CUST000768,Pamela Ruiz,douglashuang@example.com,Bandung,2023-01-07
CUST000769,Jenna Lyons,kristina57@example.com,Yogyakarta,2025-03-05
CUST000770,John Bell,ssingleton@example.com,Surabaya,2024-03-31
CUST000771,Bethany Garcia,nguyendebra@example.com,Denpasar,2022-10-18
CUST000772,Jennifer Gutierrez,amydickson@example.com,Surabaya,2022-03-04
CUST000773,Daniel Benson,bmueller@example.net,Medan,2024-12-22
CUST000774,Kimberly Young,stevensonjennifer@example.com,Palembang,2024-02-10
CUST000775,Kyle Nguyen,shortgregory@example.com,Makassar,2024-07-18
CUST000776,Brian Cervantes,pmurphy@example.net,Makassar,2022-11-19
CUST000777,Daniel Taylor,shermandonna@example.com,Denpasar,2023-10-01
CUST000778,Jean Lane,jamierich@example.com,Bekasi,2023-10-27
CUST000779,Susan Torres,wrobbins@example.org,Surabaya,2025-05-06
CUST000780,Lisa Dixon,melissabrown@example.net,Bandung,2022-04-18
CUST000781,April Castro,daniel40@example.org,Bekasi,2022-11-19
CUST000782,Kevin Garrett,bsullivan@example.net,Yogyakarta,2022-04-12
CUST000783,Christopher Taylor,xbridges@example.com,Semarang,2022-06-17
CUST000784,Zachary Santiago,alexanderwong@example.org,Yogyakarta,2024-06-26
CUST000785,Katelyn Kim,christophermay@example.com,Depok,2024-05-18
CUST000786,Stephanie Dominguez,dhanson@example.net,Depok,2025-05-28
CUST000787,Robert Cruz,jacobjacobs@example.net,Semarang,2024-04-28
CUST000788,Dr. Michael Adams DVM,arthur09@example.com,Tangerang,2023-03-18
CUST000789,Ashley Olson,thomasjessica@example.com,Makassar,2022-08-22
CUST000790,Blake Wu,sanchezcrystal@example.net,Surabaya,2024-05-30
CUST000791,Angela Schultz,chloe58@example.org,Yogyakarta,2023-08-04
CUST000792,Jose Harrison,robert44@example.org,Depok,2025-04-29
CUST000793,Thomas Curry,bryan79@example.org,Yogyakarta,2024-12-15
CUST000794,Mary Carter,mitchellchristopher@example.net,Jakarta,2023-09-24
CUST000795,Richard King,joshua40@example.net,Palembang,2023-03-28
CUST000796,Christopher Vargas,donnawood@example.org,Jakarta,2025-05-12
CUST000797,Michael Washington,cooperchristopher@example.org,Medan,2022-01-16
CUST000798,Samantha Monroe,ptownsend@example.net,Medan,2023-09-10
CUST000799,Mark Clark,brian41@example.org,Semarang,2022-10-09
CUST000800,James Turner,noahthornton@example.com,Makassar,2023-08-16
CUST000801,Joseph Graham,sara76@example.net,Jakarta,2022-09-03
CUST000802,Joseph Blanchard,hardindana@example.com,Denpasar,2024-10-15
CUST000803,Marissa Nelson,joseph14@example.net,Bandung,2024-05-31
CUST000804,Julia Leonard,jessicachapman@example.org,Palembang,2022-09-22
CUST000805,Megan Kaiser,amy01@example.org,Denpasar,2024-12-26
CUST000806,Joseph Jennings,jeffrey44@example.org,Tangerang,2023-04-17
CUST000807,Manuel Brown,stephanielittle@example.net,Yogyakarta,2025-02-18
CUST000808,Angelica Jacobs,pdouglas@example.net,Surabaya,2023-12-27
CUST000809,Cathy Rodriguez,jonowens@example.org,Denpasar,2024-03-24
CUST000810,Tammy Hill,qschwartz@example.com,Palembang,2022-03-28
CUST000811,Richard Ramirez,reyesmarvin@example.org,Depok,2022-02-08
CUST000812,Robert Thompson,vasquezsarah@example.net,Makassar,2022-06-09
CUST000813,Matthew Rodriguez,probinson@example.org,Palembang,2025-03-25
CUST000814,Michelle Garcia,jonesjessica@example.com,Palembang,2025-03-20
CUST000815,Jonathan Delgado,fitzpatrickelizabeth@example.com,Semarang,2024-05-05
CUST000816,Gary Myers,robertsonshelby@example.com,Palembang,2022-08-24
CUST000817,Jared Luna,fernandezaaron@example.net,Makassar,2022-02-12
CUST000818,Karen Bradley,mathew46@example.org,Bekasi,2022-12-18
CUST000819,Tina Davis,christopher74@example.net,Denpasar,2024-07-31
CUST000820,Julian Ponce,kentprice@example.org,Surabaya,2024-01-12
CUST000821,Heather Miller,imoss@example.org,Surabaya,2024-06-13
CUST000822,Nathan Watkins,yprice@example.net,Palembang,2023-05-14
CUST000823,Kathryn Hanna,blevy@example.org,Palembang,2025-04-21
CUST000824,George Le,zwilson@example.net,Surabaya,2024-12-09
CUST000825,Judy Gregory,joycehall@example.org,Semarang,2024-03-21
CUST000826,Charles Valdez,nmeadows@example.org,Medan,2023-11-27
CUST000827,Matthew Smith,conwaylori@example.org,Bandung,2023-11-14
CUST000828,Christopher Garza,wilsonbrooke@example.net,Tangerang,2022-06-06
CUST000829,Robert Simmons,rnguyen@example.net,Tangerang,2022-08-22
CUST000830,Erica Oconnell,kathrynwatkins@example.com,Medan,2024-11-10
CUST000831,Donald Todd,heathertran@example.com,Makassar,2023-12-17
CUST000832,Kevin Anderson,bstrickland@example.com,Medan,2022-10-30
CUST000833,Adam Howe,robert72@example.org,Bandung,2022-07-30
CUST000834,Devin Cole,sharonbishop@example.org,Medan,2023-06-09
CUST000835,Michelle Salazar,burtonkimberly@example.com,Bekasi,2022-12-22
CUST000836,Justin Lee,montgomerymichelle@example.net,Yogyakarta,2022-11-10
CUST000837,Julie Sims,joshualee@example.org,Bandung,2022-06-04
CUST000838,Tracy Wells,ernestlivingston@example.org,Depok,2024-10-08
CUST000839,Dominique Hamilton,christina70@example.org,Bekasi,2025-02-28
CUST000840,Tammy Thompson,washingtondarren@example.org,Yogyakarta,2024-07-08
CUST000841,Leslie Nguyen,julievillanueva@example.org,Yogyakarta,2025-03-02
CUST000842,Erika Garcia,ykane@example.org,Yogyakarta,2023-10-24
CUST000843,Kevin Brown,nthomas@example.com,Bandung,2023-10-10
CUST000844,James Ellis,crystalcantrell@example.org,Surabaya,2024-06-19
CUST000845,Andrew Carroll,derek77@example.com,Depok,2024-08-18
CUST000846,Greg Tanner,kristinelittle@example.net,Semarang,2023-09-13
CUST000847,Laura Tran,christophervincent@example.com,Jakarta,2025-04-26
CUST000848,Cindy Wells,uramirez@example.com,Tangerang,2023-12-22
CUST000849,Danielle Murphy,patriciavargas@example.org,Semarang,2022-06-01
CUST000850,Stephanie Butler,williamsthomas@example.net,Depok,2024-08-03
CUST000851,Joseph Mendoza,chavezjohn@example.net,Jakarta,2022-03-19
CUST000852,Melissa Russell,davidphillips@example.net,Semarang,2024-01-26
CUST000853,Mrs. Maureen Martin DDS,braysteven@example.org,Yogyakarta,2022-06-07
CUST000854,Jennifer Clarke,courtney01@example.com,Bekasi,2022-07-04
CUST000855,Faith Johnson,smullins@example.net,Tangerang,2025-05-01
CUST000856,Rebecca French,olivermatthew@example.org,Depok,2024-02-27
CUST000857,Susan Cox,rodriguezmichael@example.net,Tangerang,2025-04-03
CUST000858,Jacob Wong,castrokim@example.org,Depok,2022-03-26
CUST000859,Mrs. Ashley Mendoza,karenhodges@example.com,Yogyakarta,2025-03-16
CUST000860,Derek Frazier,brian55@example.com,Makassar,2023-01-21
CUST000861,Mr. Bryan Mckinney,shannon51@example.org,Depok,2025-05-24
CUST000862,Judith Miller,keithfrye@example.org,Bandung,2024-10-23
CUST000863,Brian Hernandez,nancymeyer@example.net,Depok,2022-05-07
CUST000864,Jason Fleming,thomasfisher@example.net,Makassar,2022-07-31
CUST000865,Dorothy Brown,marystone@example.com,Tangerang,2022-06-22
CUST000866,Grant Lucas,todd88@example.com,Jakarta,2022-12-20
CUST000867,Keith Villanueva,george43@example.com,Denpasar,2023-05-23
CUST000868,Dwayne Bruce,michaelbryant@example.org,Depok,2024-06-15
CUST000869,Caitlyn Nichols,teresafranco@example.net,Tangerang,2024-12-09
CUST000870,Rebecca Martin,williamsleslie@example.org,Bandung,2025-06-02
CUST000871,Jacob Harris,wadetiffany@example.org,Makassar,2024-01-16
CUST000872,Joshua Martin,david06@example.com,Palembang,2023-08-03
CUST000873,Theresa Reilly,adamrodgers@example.net,Makassar,2024-04-17
CUST000874,Michael Wells,tara92@example.net,Jakarta,2025-05-09
CUST000875,Tammy Morgan,dennisrachel@example.org,Surabaya,2023-11-17
CUST000876,Audrey Johnson,seandavis@example.org,Surabaya,2023-11-07
CUST000877,Christie Fox,james18@example.com,Yogyakarta,2025-02-16
CUST000878,Tina Daugherty,ulee@example.net,Semarang,2024-03-02
CUST000879,Terri Kerr,raymond65@example.com,Denpasar,2023-06-01
CUST000880,Dustin Bell,fsawyer@example.org,Bandung,2025-05-19
CUST000881,Jill Riddle,achandler@example.org,Surabaya,2023-11-14
CUST000882,Linda Thomas,thomas85@example.org,Yogyakarta,2025-04-08
CUST000883,Leslie Bennett,ortizrobin@example.com,Makassar,2022-10-17
CUST000884,Joel Bradley,jamescollier@example.com,Yogyakarta,2023-09-28
CUST000885,Amanda Mckenzie,troy73@example.org,Bandung,2024-03-13
CUST000886,Brittany Evans,qmartinez@example.com,Denpasar,2025-05-03
CUST000887,John Watts,anthonyhubbard@example.com,Semarang,2022-06-23
CUST000888,Andrea Reese DDS,ooneill@example.net,Palembang,2025-02-18
CUST000889,Michael Wilson,brucefrancisco@example.org,Bandung,2023-11-04
CUST000890,Joel Steele,frank45@example.com,Surabaya,2024-12-14
CUST000891,Tina Williams,alyssa18@example.org,Tangerang,2024-05-17
CUST000892,Catherine Davis,amybrennan@example.net,Jakarta,2024-01-12
CUST000893,Denise Wolfe,cody95@example.org,Semarang,2024-01-13
CUST000894,Joseph Watson,kjenkins@example.org,Medan,2023-01-05
CUST000895,Jonathan Decker,butlersabrina@example.org,Depok,2023-12-01
CUST000896,Tammy Mendoza,hannah27@example.net,Medan,2023-01-29
CUST000897,Tracy Jackson,anthony13@example.org,Bandung,2022-10-09
CUST000898,Brenda Perez,jasonzavala@example.com,Semarang,2022-06-08
CUST000899,Rachel Jones,ctodd@example.org,Tangerang,2022-07-27
CUST000900,Ricky Palmer,harrisonrebekah@example.org,Denpasar,2025-01-10
CUST000901,Michael Webster,morajamie@example.org,Jakarta,2024-12-14
CUST000902,Gregory Davis,stacy55@example.org,Bekasi,2023-11-21
CUST000903,Phyllis Austin,garciabelinda@example.org,Bekasi,2022-09-26
CUST000904,Michelle Brandt,rachelmedina@example.net,Bandung,2024-02-11
CUST000905,Daniel Gordon,lrichardson@example.org,Bandung,2022-11-29
CUST000906,Tyler White,tina63@example.net,Denpasar,2022-12-06
CUST000907,Brian Rollins,owensapril@example.com,Jakarta,2024-06-15
CUST000908,Michele Hawkins,millertristan@example.com,Makassar,2024-04-21
CUST000909,Kyle Collins,aperez@example.com,Depok,2023-05-02
CUST000910,Mrs. Shannon Jacobson,xcrosby@example.org,Semarang,2025-06-04
CUST000911,Michael Powers,qkim@example.net,Medan,2024-07-08
CUST000912,Charles Morales,figueroapatricia@example.org,Medan,2024-12-29
CUST000913,William Morgan,bmartinez@example.net,Depok,2023-09-26
CUST000914,Dr. Ralph Wheeler DDS,qkelly@example.net,Makassar,2023-02-02
CUST000915,Victoria Dixon,katrinarodriguez@example.com,Depok,2025-03-14
CUST000916,David Dunlap Jr.,greertyrone@example.org,Semarang,2024-08-03
CUST000917,Janet Shelton,kevinhanson@example.org,Tangerang,2024-02-22
CUST000918,Kelly Vasquez,qharris@example.com,Palembang,2024-12-16
CUST000919,Dennis Cooper PhD,cisnerosanthony@example.com,Medan,2022-11-28
CUST000920,Barbara Cole,cramos@example.org,Bandung,2025-05-23
CUST000921,Matthew Chan,travistaylor@example.net,Jakarta,2023-05-28
CUST000922,Phillip Carroll,rkeller@example.net,Makassar,2024-09-11
CUST000923,Karen Dickerson,myerstroy@example.com,Surabaya,2025-02-09
CUST000924,Heather Levine,bryan90@example.org,Surabaya,2024-11-22
CUST000925,Hannah Harmon,hubbardcolleen@example.com,Surabaya,2023-08-07
CUST000926,Gregory Howard,brian33@example.org,Semarang,2022-11-25
CUST000927,Leslie Lozano,meltondanny@example.org,Tangerang,2024-07-09
CUST000928,Gabriel Murray,abradley@example.com,Palembang,2022-10-29
CUST000929,John Johnson,nicholas65@example.net,Medan,2022-07-07
CUST000930,John Vazquez,matthewshaw@example.net,Makassar,2024-07-12
CUST000931,Lucas Cox,karlwilliams@example.net,Palembang,2022-02-24
CUST000932,Darrell Newton,robbinsbelinda@example.net,Palembang,2022-04-20
CUST000933,Austin Solis,wsimmons@example.org,Makassar,2024-10-25
CUST000934,Elizabeth Brock,ualvarado@example.org,Palembang,2023-04-28
CUST000935,David Robertson,nicoleburton@example.net,Makassar,2022-06-17
CUST000936,Laura Lewis,oadams@example.net,Jakarta,2023-04-05
CUST000937,Sarah Meadows,boydmichael@example.org,Surabaya,2023-10-15
CUST000938,Paul Cannon,ejenkins@example.net,Bandung,2023-11-18
CUST000939,Jason Colon,jonathanburke@example.com,Jakarta,2022-10-09
CUST000940,Chris Johnson,steven86@example.com,Depok,2023-08-11
CUST000941,Amanda Moore,anthonyclarke@example.com,Denpasar,2022-10-12
CUST000942,Casey Phelps,dcasey@example.org,Depok,2024-08-18
CUST000943,Edward Brown,qmosley@example.net,Jakarta,2025-06-14
CUST000944,Jennifer Larsen,joelduncan@example.net,Jakarta,2022-06-12
CUST000945,Kelly Calderon,tyler13@example.net,Medan,2023-06-09
CUST000946,Robert Murphy,vshaffer@example.org,Tangerang,2022-11-03
CUST000947,Claudia Rodriguez,taragonzales@example.com,Tangerang,2025-05-31
CUST000948,Amy Ferguson,stewartrodney@example.net,Surabaya,2024-05-16
CUST000949,Donald Mueller,michaelbaldwin@example.com,Medan,2023-08-14
CUST000950,Walter Obrien,vazquezkristina@example.org,Surabaya,2023-09-09
CUST000951,James Fowler,rebecca18@example.org,Medan,2022-04-08
CUST000952,Jasmine Browning,qpennington@example.com,Yogyakarta,2024-05-09
CUST000953,Rodney Young,michelemartin@example.com,Depok,2025-06-29
CUST000954,Sherry Wang,rmccormick@example.org,Surabaya,2022-05-09
CUST000955,Teresa Ruiz,vhouse@example.net,Bekasi,2024-10-20
CUST000956,Thomas Garcia,hollyhunter@example.com,Jakarta,2025-01-02
CUST000957,Nicholas Kelley,shawn00@example.net,Bekasi,2024-11-21
CUST000958,Lorraine Gibbs,aarongonzalez@example.com,Denpasar,2023-05-11
CUST000959,Bradley Moore,melaniejennings@example.com,Semarang,2022-10-22
CUST000960,Shane Anderson,graceserrano@example.com,Jakarta,2024-05-29
CUST000961,Jason White,kduffy@example.org,Makassar,2025-06-13
CUST000962,Alexander Hansen,rebeccamccann@example.org,Bekasi,2023-05-08
CUST000963,Samuel Williams,jburke@example.org,Bandung,2024-05-03
CUST000964,Carolyn Bradley,higginsryan@example.com,Tangerang,2022-06-25
CUST000965,Kathleen Walker,jamesatkins@example.com,Surabaya,2024-01-09
CUST000966,Johnny Anderson,carolcarney@example.com,Tangerang,2024-12-13
CUST000967,Chelsey White,anthonycherry@example.org,Tangerang,2024-11-05
CUST000968,Susan Wood,emiller@example.org,Jakarta,2025-02-08
CUST000969,Valerie Sanders,jennifererickson@example.net,Depok,2024-03-10
CUST000970,Angel Hawkins,cookjimmy@example.com,Yogyakarta,2022-03-31
CUST000971,Teresa Coffey DDS,smithwilliam@example.com,Makassar,2024-03-03
CUST000972,James Wood,carpenterjorge@example.net,Denpasar,2023-06-04
CUST000973,Gerald Mcdonald Jr.,hthomas@example.com,Makassar,2022-02-03
CUST000974,Carl Savage,julie64@example.com,Makassar,2022-05-19
CUST000975,Pam Baker,ryan25@example.net,Denpasar,2023-05-09
CUST000976,Pamela Hernandez DVM,jbrown@example.org,Bekasi,2022-08-01
CUST000977,Andrew Green,fgraham@example.org,Bandung,2023-11-12
CUST000978,William Hoffman,uvasquez@example.org,Makassar,2022-04-01
CUST000979,Brandon Oneill,marybrady@example.com,Makassar,2025-01-23
CUST000980,Mary Lewis,foxashley@example.com,Yogyakarta,2022-12-25
CUST000981,Danielle Jimenez,clayanthony@example.net,Denpasar,2024-08-09
CUST000982,Mrs. Jacqueline Hickman,hooderic@example.org,Yogyakarta,2024-09-07
CUST000983,Michael Castillo,brooke05@example.org,Bandung,2023-01-09
CUST000984,Tiffany Nguyen,jasonwilliams@example.net,Denpasar,2022-05-10
CUST000985,Robert Manning,tammyglenn@example.org,Jakarta,2024-07-26
CUST000986,Daniel Price,wmitchell@example.net,Medan,2023-08-24
CUST000987,Edwin Owen,rebecca92@example.com,Medan,2022-03-31
CUST000988,Sandra Hunt,ygriffin@example.com,Makassar,2022-03-27
CUST000989,Kyle Davis,nshepherd@example.org,Tangerang,2023-09-28
CUST000990,Jeffery Williams,teresa32@example.com,Tangerang,2024-03-26
CUST000991,Maria Miller,zkim@example.com,Semarang,2024-08-27
CUST000992,William Sutton,mckenzie86@example.com,Yogyakarta,2022-03-16
CUST000993,Kristen Lowery,dixonrobert@example.com,Semarang,2023-01-27
CUST000994,Laura King,brenda80@example.org,Jakarta,2024-01-02
CUST000995,Julie Hartman,awilliams@example.net,Semarang,2023-11-11
CUST000996,Kevin Gibson,qhanson@example.com,Makassar,2022-09-12
CUST000997,Shelby Lopez,christianhendrix@example.com,Palembang,2024-06-13
CUST000998,Ashley Ferguson,fosteralexander@example.net,Palembang,2024-06-19
CUST000999,Michael Melton,nturner@example.com,Bandung,2023-11-26
CUST001000,Tracey Leonard,christopher20@example.org,Denpasar,2024-10-13
CUST001001,Alan Waller,clarkdeborah@example.net,Makassar,2024-10-15
CUST001002,Ryan Garrison,christophercarrillo@example.org,Semarang,2024-11-29
CUST001003,Alex Martin,joannewallace@example.com,Denpasar,2022-06-19
CUST001004,Scott Richards,kennethgallegos@example.com,Surabaya,2024-05-19
CUST001005,Adam Mccoy,fpetty@example.net,Bekasi,2024-05-31
CUST001006,Monique Duarte,freemantodd@example.net,Tangerang,2023-01-05
CUST001007,Taylor Stein,dhall@example.net,Makassar,2023-08-25
CUST001008,Kenneth Tran,patricia67@example.org,Surabaya,2022-07-30
CUST001009,Todd Reed DDS,martinjessica@example.com,Yogyakarta,2023-11-03
CUST001010,David Robinson,sandra72@example.com,Semarang,2023-08-29
CUST001011,Jeanette Butler,laura29@example.org,Bekasi,2024-07-02
CUST001012,Paul Estrada,glenmoore@example.com,Bandung,2024-05-22
CUST001013,Jason Chaney,jimmy80@example.org,Makassar,2024-06-28
CUST001014,Dean Rhodes,mariakline@example.org,Jakarta,2024-07-04
CUST001015,Gail Wilson,davidwalker@example.com,Bekasi,2023-12-24
CUST001016,Rachel Hammond PhD,paula89@example.net,Semarang,2024-06-09
CUST001017,Anthony Shah,westes@example.org,Surabaya,2022-04-28
CUST001018,Rachael Lynch,colonbobby@example.org,Makassar,2024-04-11
CUST001019,Bruce Harris,eric47@example.net,Denpasar,2024-11-16
CUST001020,Dr. Christian Cox PhD,allisonscott@example.com,Jakarta,2022-11-24
CUST001021,Adriana Davenport,gpeterson@example.org,Bekasi,2022-10-20
CUST001022,Jaime Fischer,crystal32@example.net,Jakarta,2024-06-16
CUST001023,Darren Pham,dhardin@example.net,Surabaya,2022-09-16
CUST001024,Heidi Johnson,kaylarobbins@example.net,Yogyakarta,2023-04-29
CUST001025,Angela Edwards,ryanlong@example.org,Makassar,2024-01-21
CUST001026,Margaret Orr,levinetina@example.net,Bekasi,2024-02-24
CUST001027,Valerie Barnes,jennifer55@example.org,Bekasi,2022-03-08
CUST001028,Stephanie Bishop,isabellagriffin@example.org,Yogyakarta,2022-11-11
CUST001029,Lori Montgomery,zterry@example.net,Makassar,2024-07-10
CUST001030,Craig Turner,medinapeter@example.net,Depok,2024-02-01
CUST001031,Beth Braun,jason88@example.com,Bekasi,2022-06-07
CUST001032,Nicole Moore,zamoraamber@example.com,Tangerang,2022-10-09
CUST001033,Raymond Barber,dennismckenzie@example.com,Palembang,2024-01-22
CUST001034,Heather Williams,westashley@example.org,Yogyakarta,2023-10-06
CUST001035,William Trujillo,michaelmitchell@example.net,Medan,2023-07-25
CUST001036,Brenda Gray,danielblack@example.org,Jakarta,2022-08-21
CUST001037,Heather Garcia,fpoole@example.org,Depok,2023-01-17
CUST001038,Stephen Alvarez,rmiller@example.net,Palembang,2024-11-26
CUST001039,Justin Maxwell,breanna67@example.net,Surabaya,2025-02-24
CUST001040,Katherine Mcpherson,drewmartinez@example.net,Semarang,2023-06-21
CUST001041,Walter Palmer,bensonstanley@example.org,Medan,2024-07-02
CUST001042,Terry Wood,guzmanricky@example.org,Semarang,2025-06-07
CUST001043,Dylan Mills,watsonvickie@example.com,Medan,2024-10-02
CUST001044,Alfred Thomas,twilliams@example.com,Bandung,2022-09-09
CUST001045,Robert Burns,kelleycarlos@example.org,Depok,2022-06-01
CUST001046,Kenneth Knight,kimberly79@example.org,Denpasar,2022-12-20
CUST001047,Kathy Murray,jcontreras@example.net,Surabaya,2024-06-30
CUST001048,Robert Beck,zhughes@example.com,Yogyakarta,2023-10-17
CUST001049,Tina Wu,debbie20@example.net,Denpasar,2023-12-13
CUST001050,Patricia Parker,schneiderchristopher@example.net,Tangerang,2022-05-13
CUST001051,Nina Bernard,karenshaw@example.org,Semarang,2025-01-15
CUST001052,Timothy White,hilljamie@example.net,Bandung,2023-09-07
CUST001053,Lauren Miller,richard07@example.org,Makassar,2022-12-23
CUST001054,Christopher Johnson,patrick11@example.org,Medan,2024-11-07
CUST001055,Dominique White,moorestephanie@example.net,Medan,2022-09-06
CUST001056,Lucas Nguyen,reeveskenneth@example.org,Medan,2022-10-12
CUST001057,Jason Nguyen,hdavid@example.org,Jakarta,2024-10-08
CUST001058,Paul Willis,gromero@example.com,Tangerang,2024-01-10
CUST001059,Debra Flores,bjones@example.com,Makassar,2025-03-18
CUST001060,Susan Smith,sanchezangela@example.org,Tangerang,2024-08-15
CUST001061,Jason Miller,kristathomas@example.net,Bekasi,2022-09-23
CUST001062,Dr. Kimberly Henderson,dwilliams@example.net,Surabaya,2022-06-26
CUST001063,William Smith,qnelson@example.net,Palembang,2023-09-26
CUST001064,Gregory Chen,brandon89@example.org,Tangerang,2024-09-07
CUST001065,James Martinez,jessicalutz@example.com,Palembang,2024-04-21
CUST001066,Jonathan Pham,cynthia74@example.org,Surabaya,2025-03-23
CUST001067,Erica Clark,allen20@example.net,Makassar,2022-09-14
CUST001068,Steven Chambers,speters@example.net,Depok,2022-06-01
CUST001069,James Miller PhD,ryanpatricia@example.net,Yogyakarta,2024-08-12
CUST001070,Caleb Stanton,wcarey@example.com,Makassar,2024-11-25
CUST001071,Randy Terry,martinezmitchell@example.org,Tangerang,2022-09-20
CUST001072,Daniel Smith,erin53@example.org,Bandung,2025-04-18
CUST001073,Lori Stokes,jimsnyder@example.com,Palembang,2022-09-22
CUST001074,Johnathan Padilla,adrianjoyce@example.net,Jakarta,2024-10-26
CUST001075,Sergio Carroll,mjackson@example.net,Tangerang,2022-09-12
CUST001076,Megan Morrison,cameronanderson@example.org,Semarang,2022-11-10
CUST001077,Timothy Foley,james08@example.net,Bandung,2022-12-04
CUST001078,Justin Gibson,pdavidson@example.org,Denpasar,2023-10-23
CUST001079,Erica Richard,rhill@example.net,Makassar,2023-04-07
CUST001080,Isaiah Blake,brandonhull@example.net,Semarang,2024-11-28
CUST001081,Aaron Lee,beardlindsey@example.net,Semarang,2022-06-11
CUST001082,Michael Rosario,jamesmurphy@example.org,Yogyakarta,2023-02-07
CUST001083,Anne Castillo,watkinsconnie@example.com,Semarang,2025-02-02
CUST001084,Danielle Wells,marissa58@example.org,Yogyakarta,2022-09-14
CUST001085,Patricia Harvey,garrettbeth@example.org,Bekasi,2023-09-13
CUST001086,Sydney Bennett,pattonbryan@example.com,Surabaya,2024-12-28
CUST001087,Leslie Reynolds,byrdanita@example.com,Yogyakarta,2024-10-26
CUST001088,Jennifer Williamson,mhall@example.net,Bekasi,2022-12-12
CUST001089,Jody Marshall,nhobbs@example.org,Bandung,2025-04-04
CUST001090,Timothy Logan,lholmes@example.org,Yogyakarta,2022-12-17
CUST001091,Adam Reeves,rebeccamartinez@example.net,Makassar,2025-05-24
CUST001092,Jason Hardy,ilopez@example.org,Jakarta,2025-02-28
CUST001093,Eric Graham,larry82@example.org,Surabaya,2022-02-28
CUST001094,Larry Carter,holmesdiane@example.org,Yogyakarta,2022-04-04
CUST001095,Jonathon Conley,hendersonjames@example.org,Semarang,2025-03-27
CUST001096,Christina Jones,elizabethneal@example.com,Bekasi,2023-03-08
CUST001097,Erin Lane,christina65@example.org,Bekasi,2024-05-03
CUST001098,Shawn Lozano,arobinson@example.net,Depok,2022-03-04
CUST001099,David Hanson,timothytate@example.com,Semarang,2025-01-22
CUST001100,Jamie Ross,coxcharles@example.org,Depok,2023-09-11
CUST001101,Brenda Alexander,bradley03@example.org,Yogyakarta,2023-05-17
CUST001102,Daniel Green,matthewspencer@example.org,Semarang,2024-04-11
CUST001103,Christopher Green,smitherica@example.com,Surabaya,2024-07-17
CUST001104,Stacey Morgan,kevinallen@example.com,Bandung,2022-05-03
CUST001105,Teresa Rowland,ejohns@example.org,Palembang,2024-06-19
CUST001106,Thomas Norton,amandabenson@example.com,Depok,2024-09-18
CUST001107,Vanessa Sanchez,hinesbrenda@example.net,Makassar,2023-02-22
CUST001108,Charles Wright,monique89@example.com,Bandung,2025-05-27
CUST001109,Brad Ruiz,jacksonpaul@example.net,Denpasar,2023-10-03
CUST001110,Jacqueline Stone,marcbrooks@example.net,Denpasar,2023-10-16
CUST001111,Dr. John Perkins,clarkpatricia@example.com,Palembang,2023-12-09
CUST001112,Jennifer Torres,xduncan@example.com,Makassar,2022-09-25
CUST001113,Brandy Miller,ostone@example.net,Tangerang,2024-11-20
CUST001114,Jose Rogers,amcdonald@example.com,Makassar,2022-08-06
CUST001115,Emily Reyes,scottbaker@example.org,Depok,2023-05-11
CUST001116,Bradley Kirby,hartmansara@example.org,Semarang,2022-09-08
CUST001117,Isaac Payne,james54@example.com,Medan,2024-07-09
CUST001118,Patricia Bruce,janicebolton@example.net,Surabaya,2022-10-16
CUST001119,Susan Smith,juan56@example.com,Semarang,2022-04-14
CUST001120,Norma Smith,michelleperez@example.net,Bekasi,2024-02-26
CUST001121,Kara Black,dsharp@example.com,Medan,2024-05-06
CUST001122,Emily Lopez,cclark@example.net,Makassar,2022-11-24
CUST001123,Charles Russo,sherry07@example.net,Denpasar,2025-03-29
CUST001124,Gina Barnes,sfarmer@example.net,Medan,2023-10-03
CUST001125,Kevin Bradley,weekseric@example.com,Depok,2022-11-23
CUST001126,Rebecca Mcintyre,nbaird@example.com,Depok,2024-11-20
CUST001127,James Wells,ashley74@example.org,Semarang,2024-10-18
CUST001128,Michael Thompson,ocampbell@example.com,Jakarta,2024-10-15
CUST001129,Andrea Brown,jacksonmichele@example.com,Palembang,2022-07-04
CUST001130,William Anderson,emendoza@example.com,Depok,2024-11-01
CUST001131,Sharon Anderson,kylemeyers@example.net,Medan,2023-05-09
CUST001132,Larry Crosby,waynecohen@example.com,Makassar,2025-04-09
CUST001133,William Griffin,pjacobs@example.net,Jakarta,2022-04-10
CUST001134,Keith Henry,vjohnston@example.org,Depok,2023-07-31
CUST001135,Stanley Bryant,peter26@example.org,Yogyakarta,2025-05-08
CUST001136,Luke Reynolds,lbartlett@example.net,Semarang,2024-08-21
CUST001137,Jennifer Bautista,nicolemoore@example.net,Jakarta,2025-01-04
CUST001138,Mary Jones,reginajenkins@example.net,Palembang,2022-08-09
CUST001139,Jacob Campos,robert24@example.org,Semarang,2022-10-02
CUST001140,Julia Jones,vjames@example.com,Palembang,2024-01-20
CUST001141,Jennifer Smith,fletcherderek@example.net,Jakarta,2024-01-20
CUST001142,Kari Jones,jenniferkim@example.com,Jakarta,2024-03-31
CUST001143,Sarah Jackson,lawsongregory@example.org,Tangerang,2025-03-13
CUST001144,Jeanne Jones,byrderic@example.com,Makassar,2023-02-03
CUST001145,Miguel Stafford,scottwilliams@example.net,Semarang,2025-02-07
CUST001146,Margaret Moran,myerskyle@example.org,Palembang,2022-05-31
CUST001147,Amber Bennett,sarahbrooks@example.org,Depok,2024-10-29
CUST001148,Alan Johnson,rogersjames@example.net,Semarang,2025-01-31
CUST001149,Tyler Davis,jenniferwilliams@example.net,Yogyakarta,2025-06-30
CUST001150,Gabriel Hart,colleenvilla@example.com,Surabaya,2025-06-05
CUST001151,Barbara Lewis,marcus06@example.net,Surabaya,2022-09-21
CUST001152,James Ellis,barrettjoshua@example.net,Makassar,2024-03-17
CUST001153,Austin Robinson,katrina71@example.net,Tangerang,2023-11-26
CUST001154,Wanda Jefferson,johnathandavis@example.com,Bandung,2024-01-19
CUST001155,Miss Megan Compton,martinreid@example.net,Bekasi,2023-02-12
CUST001156,Samuel Olson,andres97@example.com,Palembang,2024-11-08
CUST001157,Natalie Gordon,hallchristina@example.org,Jakarta,2024-10-21
CUST001158,Oscar Todd,brownnicholas@example.com,Jakarta,2022-04-03
CUST001159,James May,sandrageorge@example.com,Denpasar,2022-10-08
CUST001160,Erin Ramirez,meyertiffany@example.net,Depok,2023-11-14
CUST001161,Nicole Perez,matthew38@example.org,Depok,2024-11-29
CUST001162,Mary Wright,cathyjames@example.com,Bekasi,2022-11-02
CUST001163,Mark Brown,mjones@example.org,Bandung,2024-11-21
CUST001164,Brenda Harris,thompsonana@example.org,Bekasi,2023-11-03
CUST001165,Blake Hardy,frank33@example.com,Bandung,2023-10-15
CUST001166,David Mitchell,mfaulkner@example.com,Bekasi,2024-03-15
CUST001167,Karen Tapia,raymond27@example.com,Bekasi,2023-09-05
CUST001168,Leon Hamilton,lorileon@example.org,Tangerang,2023-11-20
CUST001169,Jessica Miller,brooke28@example.net,Tangerang,2024-11-09
CUST001170,James Torres,nicholas97@example.org,Denpasar,2024-09-30
CUST001171,Miguel Gonzalez,adamhensley@example.net,Semarang,2025-02-26
CUST001172,Katherine Frost,xwaller@example.com,Jakarta,2024-08-30
CUST001173,Martin Chapman MD,riddledavid@example.net,Makassar,2024-01-25
CUST001174,Phillip Krueger,william75@example.net,Palembang,2022-08-13
CUST001175,James Coleman,johnjohnson@example.com,Semarang,2025-04-10
CUST001176,Megan Terry,josegibson@example.net,Bekasi,2022-02-24
CUST001177,David Lane,alexanderwise@example.net,Semarang,2024-08-29
CUST001178,Janice Mccarthy,stonejacob@example.com,Bekasi,2025-03-30
CUST001179,Jeffery Holt,uwillis@example.com,Denpasar,2023-04-12
CUST001180,Tammy Booth,fieldskimberly@example.com,Bekasi,2022-04-16
CUST001181,Debra Clark,ahale@example.org,Bandung,2024-09-10
CUST001182,April Jones,pwarren@example.com,Yogyakarta,2024-12-09
CUST001183,Carolyn Brooks,jameswhite@example.org,Palembang,2025-06-23
CUST001184,Robert Lopez,bradylisa@example.org,Yogyakarta,2022-10-30
CUST001185,Steven Ortiz,oneillgabriel@example.com,Jakarta,2023-05-12
CUST001186,Caleb Brown,richardstimothy@example.net,Denpasar,2025-03-18
CUST001187,Alexandra Adams,ortegakristina@example.org,Medan,2022-08-14
CUST001188,Joseph Smith,sarah75@example.net,Depok,2022-02-08
CUST001189,Jacob Wu,lisa56@example.com,Palembang,2023-10-05
CUST001190,Vanessa Marks,smithmonica@example.com,Palembang,2022-11-07
CUST001191,Stacy Taylor,meltonjoshua@example.net,Palembang,2023-02-22
CUST001192,Danielle Hayes,qrobertson@example.org,Bekasi,2024-10-24
CUST001193,Mark Mcmahon,allen50@example.net,Denpasar,2024-08-23
CUST001194,Jeremy Lawson,ystevenson@example.org,Denpasar,2022-05-08
CUST001195,Todd David,shatfield@example.org,Tangerang,2022-10-10
CUST001196,Elizabeth Lee,mollywalter@example.net,Tangerang,2023-03-01
CUST001197,Bethany Robles,marisa87@example.org,Yogyakarta,2023-10-28
CUST001198,Tina Olson,johnjackson@example.net,Tangerang,2024-09-06
CUST001199,Ashley Holder,martinsarah@example.com,Makassar,2024-02-11
CUST001200,Connie Scott,qlynn@example.org,Depok,2022-12-21
